﻿<?xml version="1.0" encoding="utf-8"?>
<!--DO NOT EDIT. This document is generated by PSoC Creator design builds.-->
<PSoCCreatorIdeExport Version="1">
  <Device Part="CY8C4248LTQ-L485" Processor="CortexM0" DeviceID="104111A0" />
  <Toolchains>
    <Toolchain Name="ARM GCC Generic" Selected="True">
      <Tool Name="prebuild" Command="" Options="" />
      <Tool Name="assembler" Command="arm-none-eabi-as.exe" Options="-mcpu=cortex-m0 -mthumb -I. -IGenerated_Source\PSoC4 -alh=${OutputDir}/${CompileFile}.lst -g -W" />
      <Tool Name="compiler" Command="arm-none-eabi-gcc.exe" Options="-mcpu=cortex-m0 -mthumb -I. -IGenerated_Source\PSoC4 -Wa,-alh=${OutputDir}/${CompileFile}.lst -g -D DEBUG -D CY_CORE_ID=0 -Wall -ffunction-sections -ffat-lto-objects -Og" />
      <Tool Name="linker" Command="arm-none-eabi-gcc.exe" Options="-mcpu=cortex-m0 -mthumb -L Generated_Source\PSoC4 -Wl,-Map,${OutputDir}/${ProjectShortName}.map -T Generated_Source\PSoC4\cm0gcc.ld -specs=nano.specs -Wl,--gc-sections -g -ffunction-sections -Og -ffat-lto-objects" />
      <Tool Name="postbuild" Command="" Options="" />
    </Toolchain>
    <Toolchain Name="ARM MDK Generic" Selected="False">
      <Tool Name="prebuild" Command="" Options="" />
      <Tool Name="assembler" Command="armasm.exe" Options="--cpu=Cortex-M0 --diag_style=gnu --thumb -i. -iGenerated_Source\PSoC4 -g --list=${OutputDir}/${CompileFile}.lst &quot;--predefine=__MICROLIB SETA 1&quot;" />
      <Tool Name="compiler" Command="armcc.exe" Options="--cpu=Cortex-M0 --C99 --diag_style=gnu -I. -IGenerated_Source\PSoC4 --list --signed_chars -g -D DEBUG -D CY_CORE_ID=0 -O0 --split_sections -D__MICROLIB" />
      <Tool Name="linker" Command="armlink.exe" Options="--cpu=Cortex-M0 --diag_style=gnu --no_startup --library_type=microlib --map --list ${OutputDir}/${ProjectShortName}.map --scatter Generated_Source\PSoC4\Cm0RealView.scat" />
      <Tool Name="postbuild" Command="" Options="" />
    </Toolchain>
    <Toolchain Name="ARM IAR Generic" Selected="False">
      <Tool Name="prebuild" Command="" Options="" />
      <Tool Name="assembler" Command="iasmarm.exe" Options="--cpu Cortex-M0 -I. -IGenerated_Source\PSoC4 -s+ -M&lt;&gt; -w+ -r -DDEBUG --fpu None" />
      <Tool Name="compiler" Command="iccarm.exe" Options="--cpu Cortex-M0 -I. -IGenerated_Source\PSoC4 -D DEBUG -D CY_CORE_ID=0 -I. -IGenerated_Source\PSoC4 -D DEBUG -D CY_CORE_ID=0 --no_cse --no_unroll --no_inline --no_code_motion --no_tbaa --no_clustering --no_scheduling --debug --endian=little -e --fpu=None -On --no_wrap_diagnostics" />
      <Tool Name="linker" Command="ilinkarm.exe" Options="--semihosting --entry __iar_program_start --config Generated_Source\PSoC4\Cm0Iar.icf" />
      <Tool Name="postbuild" Command="" Options="" />
    </Toolchain>
  </Toolchains>
  <Project Name="Codigo_SPI" Path="C:\Users\manu_\OneDrive\Documentos\PSoC Creator\Esclavo\Codigo_SPI.cydsn" Version="6.0" Type="Normal">
    <CMSIS_SVD_File>Codigo_SPI.svd</CMSIS_SVD_File>
    <Datasheet />
    <LinkerFiles>
      <LinkerFile Toolchain="ARM GCC Generic">.\Generated_Source\PSoC4\cm0gcc.ld</LinkerFile>
      <LinkerFile Toolchain="ARM MDK Generic">.\Generated_Source\PSoC4\Cm0RealView.scat</LinkerFile>
      <LinkerFile Toolchain="ARM IAR Generic">.\Generated_Source\PSoC4\Cm0Iar.icf</LinkerFile>
    </LinkerFiles>
    <Folders>
      <Folder BuildType="STRICT" Path="C:\Users\manu_\OneDrive\Documentos\PSoC Creator\Esclavo\Codigo_SPI.cydsn">
        <Files Root="C:\Users\manu_\OneDrive\Documentos\PSoC Creator\Esclavo\Codigo_SPI.cydsn">
          <File BuildType="BUILD" Toolchain="">main.c</File>
          <File BuildType="BUILD" Toolchain="">cyapicallbacks.h</File>
        </Files>
      </Folder>
      <Folder BuildType="STRICT" Path="C:\Users\manu_\OneDrive\Documentos\PSoC Creator\Esclavo\Codigo_SPI.cydsn\Generated_Source\PSoC4">
        <Files Root="C:\Users\manu_\OneDrive\Documentos\PSoC Creator\Esclavo\Codigo_SPI.cydsn">
          <File BuildType="BUILD" Toolchain="">Generated_Source\PSoC4\cyfitter_cfg.h</File>
          <File BuildType="BUILD" Toolchain="">Generated_Source\PSoC4\cyfitter_cfg.c</File>
          <File BuildType="BUILD" Toolchain="">Generated_Source\PSoC4\cymetadata.c</File>
          <File BuildType="BUILD" Toolchain="">Generated_Source\PSoC4\cydevice_trm.h</File>
          <File BuildType="BUILD" Toolchain="">Generated_Source\PSoC4\cydevicegnu_trm.inc</File>
          <File BuildType="BUILD" Toolchain="">Generated_Source\PSoC4\cydevicerv_trm.inc</File>
          <File BuildType="BUILD" Toolchain="">Generated_Source\PSoC4\cydeviceiar_trm.inc</File>
          <File BuildType="BUILD" Toolchain="">Generated_Source\PSoC4\cyfittergnu.inc</File>
          <File BuildType="BUILD" Toolchain="">Generated_Source\PSoC4\cyfitterrv.inc</File>
          <File BuildType="BUILD" Toolchain="">Generated_Source\PSoC4\cyfitteriar.inc</File>
          <File BuildType="BUILD" Toolchain="">Generated_Source\PSoC4\cyfitter.h</File>
          <File BuildType="BUILD" Toolchain="">Generated_Source\PSoC4\cydisabledsheets.h</File>
          <File BuildType="BUILD" Toolchain="ARM GCC Generic">Generated_Source\PSoC4\cm0gcc.ld</File>
          <File BuildType="BUILD" Toolchain="ARM MDK Generic">Generated_Source\PSoC4\Cm0RealView.scat</File>
          <File BuildType="BUILD" Toolchain="">Generated_Source\PSoC4\Cm0Start.c</File>
          <File BuildType="BUILD" Toolchain="">Generated_Source\PSoC4\core_cm0.h</File>
          <File BuildType="BUILD" Toolchain="">Generated_Source\PSoC4\core_cm0_psoc4.h</File>
          <File BuildType="BUILD" Toolchain="ARM MDK Generic">Generated_Source\PSoC4\CyBootAsmRv.s</File>
          <File BuildType="BUILD" Toolchain="">Generated_Source\PSoC4\CyFlash.c</File>
          <File BuildType="BUILD" Toolchain="">Generated_Source\PSoC4\CyFlash.h</File>
          <File BuildType="BUILD" Toolchain="">Generated_Source\PSoC4\CyLib.c</File>
          <File BuildType="BUILD" Toolchain="">Generated_Source\PSoC4\CyLib.h</File>
          <File BuildType="BUILD" Toolchain="">Generated_Source\PSoC4\cyPm.c</File>
          <File BuildType="BUILD" Toolchain="">Generated_Source\PSoC4\cyPm.h</File>
          <File BuildType="BUILD" Toolchain="">Generated_Source\PSoC4\cytypes.h</File>
          <File BuildType="BUILD" Toolchain="">Generated_Source\PSoC4\cyutils.c</File>
          <File BuildType="BUILD" Toolchain="">Generated_Source\PSoC4\cypins.h</File>
          <File BuildType="BUILD" Toolchain="">Generated_Source\PSoC4\core_cmFunc.h</File>
          <File BuildType="BUILD" Toolchain="">Generated_Source\PSoC4\core_cmInstr.h</File>
          <File BuildType="BUILD" Toolchain="ARM IAR Generic">Generated_Source\PSoC4\Cm0Iar.icf</File>
          <File BuildType="BUILD" Toolchain="ARM IAR Generic">Generated_Source\PSoC4\CyBootAsmIar.s</File>
          <File BuildType="BUILD" Toolchain="">Generated_Source\PSoC4\cmsis_armcc.h</File>
          <File BuildType="BUILD" Toolchain="">Generated_Source\PSoC4\cmsis_gcc.h</File>
          <File BuildType="BUILD" Toolchain="">Generated_Source\PSoC4\cmsis_compiler.h</File>
          <File BuildType="BUILD" Toolchain="ARM GCC Generic">Generated_Source\PSoC4\CyBootAsmGnu.s</File>
          <File BuildType="BUILD" Toolchain="">Generated_Source\PSoC4\CyDMA.h</File>
          <File BuildType="BUILD" Toolchain="">Generated_Source\PSoC4\CyDMA.c</File>
          <File BuildType="BUILD" Toolchain="">Generated_Source\PSoC4\CyLFClk.c</File>
          <File BuildType="BUILD" Toolchain="">Generated_Source\PSoC4\CyLFClk.h</File>
          <File BuildType="BUILD" Toolchain="">Generated_Source\PSoC4\cy_em_eeprom.c</File>
          <File BuildType="BUILD" Toolchain="">Generated_Source\PSoC4\cy_em_eeprom.h</File>
          <File BuildType="BUILD" Toolchain="">Generated_Source\PSoC4\project.h</File>
          <File BuildType="BUILD" Toolchain="">Generated_Source\PSoC4\cycodeshareimport.ld</File>
          <File BuildType="BUILD" Toolchain="">Generated_Source\PSoC4\cycodeshareexport.ld</File>
          <File BuildType="BUILD" Toolchain="">Generated_Source\PSoC4\cycodeshareimport.scat</File>
          <File BuildType="BUILD" Toolchain="">Generated_Source\PSoC4\SCLK.c</File>
          <File BuildType="BUILD" Toolchain="">Generated_Source\PSoC4\SCLK.h</File>
          <File BuildType="BUILD" Toolchain="">Generated_Source\PSoC4\SCLK_aliases.h</File>
          <File BuildType="BUILD" Toolchain="">Generated_Source\PSoC4\SCLK_PM.c</File>
          <File BuildType="BUILD" Toolchain="">Generated_Source\PSoC4\MOSI.c</File>
          <File BuildType="BUILD" Toolchain="">Generated_Source\PSoC4\MOSI.h</File>
          <File BuildType="BUILD" Toolchain="">Generated_Source\PSoC4\MOSI_aliases.h</File>
          <File BuildType="BUILD" Toolchain="">Generated_Source\PSoC4\MOSI_PM.c</File>
          <File BuildType="BUILD" Toolchain="">Generated_Source\PSoC4\SPIS.c</File>
          <File BuildType="BUILD" Toolchain="">Generated_Source\PSoC4\SPIS.h</File>
          <File BuildType="BUILD" Toolchain="">Generated_Source\PSoC4\SPIS_SPI_UART.h</File>
          <File BuildType="BUILD" Toolchain="">Generated_Source\PSoC4\SPIS_SPI_UART.c</File>
          <File BuildType="BUILD" Toolchain="">Generated_Source\PSoC4\SPIS_PM.c</File>
          <File BuildType="BUILD" Toolchain="">Generated_Source\PSoC4\SPIS_SPI.c</File>
          <File BuildType="BUILD" Toolchain="">Generated_Source\PSoC4\SPIS_BOOT.c</File>
          <File BuildType="BUILD" Toolchain="">Generated_Source\PSoC4\SPIS_SPI_BOOT.c</File>
          <File BuildType="BUILD" Toolchain="">Generated_Source\PSoC4\SPIS_PINS.h</File>
          <File BuildType="BUILD" Toolchain="">Generated_Source\PSoC4\SPIS_SPI_UART_PVT.h</File>
          <File BuildType="BUILD" Toolchain="">Generated_Source\PSoC4\SPIS_PVT.h</File>
          <File BuildType="BUILD" Toolchain="">Generated_Source\PSoC4\SPIS_BOOT.h</File>
          <File BuildType="BUILD" Toolchain="">Generated_Source\PSoC4\MISO.c</File>
          <File BuildType="BUILD" Toolchain="">Generated_Source\PSoC4\MISO.h</File>
          <File BuildType="BUILD" Toolchain="">Generated_Source\PSoC4\MISO_aliases.h</File>
          <File BuildType="BUILD" Toolchain="">Generated_Source\PSoC4\MISO_PM.c</File>
          <File BuildType="BUILD" Toolchain="">Generated_Source\PSoC4\SS.c</File>
          <File BuildType="BUILD" Toolchain="">Generated_Source\PSoC4\SS.h</File>
          <File BuildType="BUILD" Toolchain="">Generated_Source\PSoC4\SS_aliases.h</File>
          <File BuildType="BUILD" Toolchain="">Generated_Source\PSoC4\SS_PM.c</File>
          <File BuildType="BUILD" Toolchain="">Generated_Source\PSoC4\Clock_1.c</File>
          <File BuildType="BUILD" Toolchain="">Generated_Source\PSoC4\Clock_1.h</File>
          <File BuildType="BUILD" Toolchain="">Generated_Source\PSoC4\FSR_b1.c</File>
          <File BuildType="BUILD" Toolchain="">Generated_Source\PSoC4\FSR_b1.h</File>
          <File BuildType="BUILD" Toolchain="">Generated_Source\PSoC4\FSR_b1_aliases.h</File>
          <File BuildType="BUILD" Toolchain="">Generated_Source\PSoC4\FSR_b1_PM.c</File>
          <File BuildType="BUILD" Toolchain="">Generated_Source\PSoC4\FSR_b2.c</File>
          <File BuildType="BUILD" Toolchain="">Generated_Source\PSoC4\FSR_b2.h</File>
          <File BuildType="BUILD" Toolchain="">Generated_Source\PSoC4\FSR_b2_aliases.h</File>
          <File BuildType="BUILD" Toolchain="">Generated_Source\PSoC4\FSR_b2_PM.c</File>
          <File BuildType="BUILD" Toolchain="">Generated_Source\PSoC4\FSR_b3.c</File>
          <File BuildType="BUILD" Toolchain="">Generated_Source\PSoC4\FSR_b3.h</File>
          <File BuildType="BUILD" Toolchain="">Generated_Source\PSoC4\FSR_b3_aliases.h</File>
          <File BuildType="BUILD" Toolchain="">Generated_Source\PSoC4\FSR_b3_PM.c</File>
          <File BuildType="BUILD" Toolchain="">Generated_Source\PSoC4\FSR_b4.c</File>
          <File BuildType="BUILD" Toolchain="">Generated_Source\PSoC4\FSR_b4.h</File>
          <File BuildType="BUILD" Toolchain="">Generated_Source\PSoC4\FSR_b4_aliases.h</File>
          <File BuildType="BUILD" Toolchain="">Generated_Source\PSoC4\FSR_b4_PM.c</File>
          <File BuildType="BUILD" Toolchain="">Generated_Source\PSoC4\FSR_b5.c</File>
          <File BuildType="BUILD" Toolchain="">Generated_Source\PSoC4\FSR_b5.h</File>
          <File BuildType="BUILD" Toolchain="">Generated_Source\PSoC4\FSR_b5_aliases.h</File>
          <File BuildType="BUILD" Toolchain="">Generated_Source\PSoC4\FSR_b5_PM.c</File>
          <File BuildType="BUILD" Toolchain="">Generated_Source\PSoC4\FSR_b6.c</File>
          <File BuildType="BUILD" Toolchain="">Generated_Source\PSoC4\FSR_b6.h</File>
          <File BuildType="BUILD" Toolchain="">Generated_Source\PSoC4\FSR_b6_aliases.h</File>
          <File BuildType="BUILD" Toolchain="">Generated_Source\PSoC4\FSR_b6_PM.c</File>
          <File BuildType="BUILD" Toolchain="">Generated_Source\PSoC4\FSR_b7.c</File>
          <File BuildType="BUILD" Toolchain="">Generated_Source\PSoC4\FSR_b7.h</File>
          <File BuildType="BUILD" Toolchain="">Generated_Source\PSoC4\FSR_b7_aliases.h</File>
          <File BuildType="BUILD" Toolchain="">Generated_Source\PSoC4\FSR_b7_PM.c</File>
          <File BuildType="BUILD" Toolchain="">Generated_Source\PSoC4\FSR_b8.c</File>
          <File BuildType="BUILD" Toolchain="">Generated_Source\PSoC4\FSR_b8.h</File>
          <File BuildType="BUILD" Toolchain="">Generated_Source\PSoC4\FSR_b8_aliases.h</File>
          <File BuildType="BUILD" Toolchain="">Generated_Source\PSoC4\FSR_b8_PM.c</File>
          <File BuildType="BUILD" Toolchain="">Generated_Source\PSoC4\FSR_b9.c</File>
          <File BuildType="BUILD" Toolchain="">Generated_Source\PSoC4\FSR_b9.h</File>
          <File BuildType="BUILD" Toolchain="">Generated_Source\PSoC4\FSR_b9_aliases.h</File>
          <File BuildType="BUILD" Toolchain="">Generated_Source\PSoC4\FSR_b9_PM.c</File>
          <File BuildType="BUILD" Toolchain="">Generated_Source\PSoC4\FSR_b10.c</File>
          <File BuildType="BUILD" Toolchain="">Generated_Source\PSoC4\FSR_b10.h</File>
          <File BuildType="BUILD" Toolchain="">Generated_Source\PSoC4\FSR_b10_aliases.h</File>
          <File BuildType="BUILD" Toolchain="">Generated_Source\PSoC4\FSR_b10_PM.c</File>
          <File BuildType="BUILD" Toolchain="">Generated_Source\PSoC4\FSR_b11.c</File>
          <File BuildType="BUILD" Toolchain="">Generated_Source\PSoC4\FSR_b11.h</File>
          <File BuildType="BUILD" Toolchain="">Generated_Source\PSoC4\FSR_b11_aliases.h</File>
          <File BuildType="BUILD" Toolchain="">Generated_Source\PSoC4\FSR_b11_PM.c</File>
          <File BuildType="BUILD" Toolchain="">Generated_Source\PSoC4\FSR_b12.c</File>
          <File BuildType="BUILD" Toolchain="">Generated_Source\PSoC4\FSR_b12.h</File>
          <File BuildType="BUILD" Toolchain="">Generated_Source\PSoC4\FSR_b12_aliases.h</File>
          <File BuildType="BUILD" Toolchain="">Generated_Source\PSoC4\FSR_b12_PM.c</File>
          <File BuildType="BUILD" Toolchain="">Generated_Source\PSoC4\FSR_b13.c</File>
          <File BuildType="BUILD" Toolchain="">Generated_Source\PSoC4\FSR_b13.h</File>
          <File BuildType="BUILD" Toolchain="">Generated_Source\PSoC4\FSR_b13_aliases.h</File>
          <File BuildType="BUILD" Toolchain="">Generated_Source\PSoC4\FSR_b13_PM.c</File>
          <File BuildType="BUILD" Toolchain="">Generated_Source\PSoC4\FSR_b14.c</File>
          <File BuildType="BUILD" Toolchain="">Generated_Source\PSoC4\FSR_b14.h</File>
          <File BuildType="BUILD" Toolchain="">Generated_Source\PSoC4\FSR_b14_aliases.h</File>
          <File BuildType="BUILD" Toolchain="">Generated_Source\PSoC4\FSR_b14_PM.c</File>
          <File BuildType="BUILD" Toolchain="">Generated_Source\PSoC4\FSR_b15.c</File>
          <File BuildType="BUILD" Toolchain="">Generated_Source\PSoC4\FSR_b15.h</File>
          <File BuildType="BUILD" Toolchain="">Generated_Source\PSoC4\FSR_b15_aliases.h</File>
          <File BuildType="BUILD" Toolchain="">Generated_Source\PSoC4\FSR_b15_PM.c</File>
          <File BuildType="BUILD" Toolchain="">Generated_Source\PSoC4\FSR_b16.c</File>
          <File BuildType="BUILD" Toolchain="">Generated_Source\PSoC4\FSR_b16.h</File>
          <File BuildType="BUILD" Toolchain="">Generated_Source\PSoC4\FSR_b16_aliases.h</File>
          <File BuildType="BUILD" Toolchain="">Generated_Source\PSoC4\FSR_b16_PM.c</File>
          <File BuildType="BUILD" Toolchain="">Generated_Source\PSoC4\FSR_a1.c</File>
          <File BuildType="BUILD" Toolchain="">Generated_Source\PSoC4\FSR_a1.h</File>
          <File BuildType="BUILD" Toolchain="">Generated_Source\PSoC4\FSR_a1_aliases.h</File>
          <File BuildType="BUILD" Toolchain="">Generated_Source\PSoC4\FSR_a1_PM.c</File>
          <File BuildType="BUILD" Toolchain="">Generated_Source\PSoC4\FSR_a2.c</File>
          <File BuildType="BUILD" Toolchain="">Generated_Source\PSoC4\FSR_a2.h</File>
          <File BuildType="BUILD" Toolchain="">Generated_Source\PSoC4\FSR_a2_aliases.h</File>
          <File BuildType="BUILD" Toolchain="">Generated_Source\PSoC4\FSR_a2_PM.c</File>
          <File BuildType="BUILD" Toolchain="">Generated_Source\PSoC4\FSR_a3.c</File>
          <File BuildType="BUILD" Toolchain="">Generated_Source\PSoC4\FSR_a3.h</File>
          <File BuildType="BUILD" Toolchain="">Generated_Source\PSoC4\FSR_a3_aliases.h</File>
          <File BuildType="BUILD" Toolchain="">Generated_Source\PSoC4\FSR_a3_PM.c</File>
          <File BuildType="BUILD" Toolchain="">Generated_Source\PSoC4\FSR_a7.c</File>
          <File BuildType="BUILD" Toolchain="">Generated_Source\PSoC4\FSR_a7.h</File>
          <File BuildType="BUILD" Toolchain="">Generated_Source\PSoC4\FSR_a7_aliases.h</File>
          <File BuildType="BUILD" Toolchain="">Generated_Source\PSoC4\FSR_a7_PM.c</File>
          <File BuildType="BUILD" Toolchain="">Generated_Source\PSoC4\FSR_a6.c</File>
          <File BuildType="BUILD" Toolchain="">Generated_Source\PSoC4\FSR_a6.h</File>
          <File BuildType="BUILD" Toolchain="">Generated_Source\PSoC4\FSR_a6_aliases.h</File>
          <File BuildType="BUILD" Toolchain="">Generated_Source\PSoC4\FSR_a6_PM.c</File>
          <File BuildType="BUILD" Toolchain="">Generated_Source\PSoC4\FSR_a5.c</File>
          <File BuildType="BUILD" Toolchain="">Generated_Source\PSoC4\FSR_a5.h</File>
          <File BuildType="BUILD" Toolchain="">Generated_Source\PSoC4\FSR_a5_aliases.h</File>
          <File BuildType="BUILD" Toolchain="">Generated_Source\PSoC4\FSR_a5_PM.c</File>
          <File BuildType="BUILD" Toolchain="">Generated_Source\PSoC4\FSR_a4.c</File>
          <File BuildType="BUILD" Toolchain="">Generated_Source\PSoC4\FSR_a4.h</File>
          <File BuildType="BUILD" Toolchain="">Generated_Source\PSoC4\FSR_a4_aliases.h</File>
          <File BuildType="BUILD" Toolchain="">Generated_Source\PSoC4\FSR_a4_PM.c</File>
          <File BuildType="BUILD" Toolchain="">Generated_Source\PSoC4\FSR_a8.c</File>
          <File BuildType="BUILD" Toolchain="">Generated_Source\PSoC4\FSR_a8.h</File>
          <File BuildType="BUILD" Toolchain="">Generated_Source\PSoC4\FSR_a8_aliases.h</File>
          <File BuildType="BUILD" Toolchain="">Generated_Source\PSoC4\FSR_a8_PM.c</File>
          <File BuildType="BUILD" Toolchain="">Generated_Source\PSoC4\FSR_a9.c</File>
          <File BuildType="BUILD" Toolchain="">Generated_Source\PSoC4\FSR_a9.h</File>
          <File BuildType="BUILD" Toolchain="">Generated_Source\PSoC4\FSR_a9_aliases.h</File>
          <File BuildType="BUILD" Toolchain="">Generated_Source\PSoC4\FSR_a9_PM.c</File>
          <File BuildType="BUILD" Toolchain="">Generated_Source\PSoC4\FSR_a10.c</File>
          <File BuildType="BUILD" Toolchain="">Generated_Source\PSoC4\FSR_a10.h</File>
          <File BuildType="BUILD" Toolchain="">Generated_Source\PSoC4\FSR_a10_aliases.h</File>
          <File BuildType="BUILD" Toolchain="">Generated_Source\PSoC4\FSR_a10_PM.c</File>
          <File BuildType="BUILD" Toolchain="">Generated_Source\PSoC4\FSR_a11.c</File>
          <File BuildType="BUILD" Toolchain="">Generated_Source\PSoC4\FSR_a11.h</File>
          <File BuildType="BUILD" Toolchain="">Generated_Source\PSoC4\FSR_a11_aliases.h</File>
          <File BuildType="BUILD" Toolchain="">Generated_Source\PSoC4\FSR_a11_PM.c</File>
          <File BuildType="BUILD" Toolchain="">Generated_Source\PSoC4\FSR_a14.c</File>
          <File BuildType="BUILD" Toolchain="">Generated_Source\PSoC4\FSR_a14.h</File>
          <File BuildType="BUILD" Toolchain="">Generated_Source\PSoC4\FSR_a14_aliases.h</File>
          <File BuildType="BUILD" Toolchain="">Generated_Source\PSoC4\FSR_a14_PM.c</File>
          <File BuildType="BUILD" Toolchain="">Generated_Source\PSoC4\FSR_a13.c</File>
          <File BuildType="BUILD" Toolchain="">Generated_Source\PSoC4\FSR_a13.h</File>
          <File BuildType="BUILD" Toolchain="">Generated_Source\PSoC4\FSR_a13_aliases.h</File>
          <File BuildType="BUILD" Toolchain="">Generated_Source\PSoC4\FSR_a13_PM.c</File>
          <File BuildType="BUILD" Toolchain="">Generated_Source\PSoC4\FSR_a12.c</File>
          <File BuildType="BUILD" Toolchain="">Generated_Source\PSoC4\FSR_a12.h</File>
          <File BuildType="BUILD" Toolchain="">Generated_Source\PSoC4\FSR_a12_aliases.h</File>
          <File BuildType="BUILD" Toolchain="">Generated_Source\PSoC4\FSR_a12_PM.c</File>
          <File BuildType="BUILD" Toolchain="">Generated_Source\PSoC4\Px.c</File>
          <File BuildType="BUILD" Toolchain="">Generated_Source\PSoC4\Px.h</File>
          <File BuildType="BUILD" Toolchain="">Generated_Source\PSoC4\Px_aliases.h</File>
          <File BuildType="BUILD" Toolchain="">Generated_Source\PSoC4\Px_PM.c</File>
          <File BuildType="BUILD" Toolchain="">Generated_Source\PSoC4\Cuenta_Descarga.c</File>
          <File BuildType="BUILD" Toolchain="">Generated_Source\PSoC4\Cuenta_Descarga.h</File>
          <File BuildType="BUILD" Toolchain="">Generated_Source\PSoC4\Cuenta_Descarga_PM.c</File>
          <File BuildType="BUILD" Toolchain="">Generated_Source\PSoC4\RC_1.c</File>
          <File BuildType="BUILD" Toolchain="">Generated_Source\PSoC4\RC_1.h</File>
          <File BuildType="BUILD" Toolchain="">Generated_Source\PSoC4\RC_1_aliases.h</File>
          <File BuildType="BUILD" Toolchain="">Generated_Source\PSoC4\RC_1_PM.c</File>
          <File BuildType="BUILD" Toolchain="">Generated_Source\PSoC4\RC_2.c</File>
          <File BuildType="BUILD" Toolchain="">Generated_Source\PSoC4\RC_2.h</File>
          <File BuildType="BUILD" Toolchain="">Generated_Source\PSoC4\RC_2_aliases.h</File>
          <File BuildType="BUILD" Toolchain="">Generated_Source\PSoC4\RC_2_PM.c</File>
        </Files>
      </Folder>
      <Folder BuildType="EXCLUDE" Path=".\codegentemp">
        <Files Root="C:\Users\manu_\OneDrive\Documentos\PSoC Creator\Esclavo\Codigo_SPI.cydsn" />
      </Folder>
      <Folder BuildType="EXCLUDE" Path=".\ARM_GCC_441">
        <Files Root="C:\Users\manu_\OneDrive\Documentos\PSoC Creator\Esclavo\Codigo_SPI.cydsn" />
      </Folder>
      <Folder BuildType="EXCLUDE" Path=".\ARM_GCC_473">
        <Files Root="C:\Users\manu_\OneDrive\Documentos\PSoC Creator\Esclavo\Codigo_SPI.cydsn" />
      </Folder>
      <Folder BuildType="EXCLUDE" Path=".\DP8051_Keil_952">
        <Files Root="C:\Users\manu_\OneDrive\Documentos\PSoC Creator\Esclavo\Codigo_SPI.cydsn" />
      </Folder>
      <Folder BuildType="EXCLUDE" Path=".\DP8051">
        <Files Root="C:\Users\manu_\OneDrive\Documentos\PSoC Creator\Esclavo\Codigo_SPI.cydsn" />
      </Folder>
      <Folder BuildType="EXCLUDE" Path=".\CortexM0">
        <Files Root="C:\Users\manu_\OneDrive\Documentos\PSoC Creator\Esclavo\Codigo_SPI.cydsn" />
      </Folder>
      <Folder BuildType="EXCLUDE" Path=".\CortexM0p">
        <Files Root="C:\Users\manu_\OneDrive\Documentos\PSoC Creator\Esclavo\Codigo_SPI.cydsn" />
      </Folder>
      <Folder BuildType="EXCLUDE" Path=".\CortexM3">
        <Files Root="C:\Users\manu_\OneDrive\Documentos\PSoC Creator\Esclavo\Codigo_SPI.cydsn" />
      </Folder>
      <Folder BuildType="EXCLUDE" Path=".\CortexM4">
        <Files Root="C:\Users\manu_\OneDrive\Documentos\PSoC Creator\Esclavo\Codigo_SPI.cydsn" />
      </Folder>
      <Folder BuildType="EXCLUDE" Path=".\CortexM7">
        <Files Root="C:\Users\manu_\OneDrive\Documentos\PSoC Creator\Esclavo\Codigo_SPI.cydsn" />
      </Folder>
    </Folders>
  </Project>
</PSoCCreatorIdeExport>