<?xml version="1.0" encoding="utf-8"?>
<pindata xsi:schemaLocation="http://cypress.com/xsd/cypindata_v2 ../../dtd/cypindata_v2.xsd" device="CY8C4248BZI-L489" package="124-VFBGA" xmlns:xsi="http://www.w3.org/2001/XMLSchema-instance" xmlns="http://cypress.com/xsd/cypindata_v2">
  <capabilities>
    <capability name="DIGITAL" value="0x0000000000000001" />
    <capability name="ANALOG" value="0x0000000000000002" />
    <capability name="ROUTABLE" value="0x0000000000000004" />
    <capability name="GPIO" value="0x0000000000000010" />
    <capability name="SIO" value="0x0000000000000020" />
    <capability name="OVTIO" value="0x0000000000000040" />
    <capability name="TRUETOUCH" value="0x0000000000000080" />
    <capability name="DAC_HI_OUT" value="0x0000000000000100" />
    <capability name="ABUF_POS" value="0x0000000000000200" />
    <capability name="ABUF_OUT" value="0x0000000000000400" />
    <capability name="ABUF_NEG" value="0x0000000000000800" />
    <capability name="SWD" value="0x0000000000001000" />
    <capability name="SWO" value="0x0000000000002000" />
    <capability name="JTAG" value="0x0000000000004000" />
    <capability name="JTAG_NTRST" value="0x0000000000008000" />
    <capability name="XRES" value="0x0000000000010000" />
    <capability name="TRACE" value="0x0000000000020000" />
    <capability name="WAKEUP" value="0x0000000000040000" />
    <capability name="I2CWKUP_SDA" value="0x0000000000100000" />
    <capability name="I2CWKUP_SCL" value="0x0000000000200000" />
    <capability name="USB_D_PLUS" value="0x0000000000400000" />
    <capability name="USB_D_MINUS" value="0x0000000000800000" />
    <capability name="ECO_MHZ_XO" value="0x0000000001000000" />
    <capability name="ECO_MHZ_XI" value="0x0000000002000000" />
    <capability name="ECO_32KHZ_XO" value="0x0000000004000000" />
    <capability name="ECO_32KHZ_XI" value="0x0000000008000000" />
    <capability name="DSM_EXT_PIN_ONE" value="0x0000000010000000" />
    <capability name="DSM_EXT_PIN_TWO" value="0x0000000020000000" />
    <capability name="SAR_EXT_PIN" value="0x0000000040000000" />
    <capability name="EXTSYNC" value="0x0000000100000000" />
    <capability name="EXTREJECT" value="0x0000000200000000" />
    <capability name="EXTCLK" value="0x0000000400000000" />
    <capability name="EXT_VREF" value="0x0000000800000000" />
    <capability name="PORT_INTERRUPT" value="0x0000001000000000" />
    <capability name="HOTSWAP" value="0x0000002000000000" />
    <capability name="LCD_COM" value="0x0000004000000000" />
    <capability name="LCD_SEG" value="0x0000008000000000" />
    <capability name="CSD_SHIELD_TANK" value="0x0000010000000000" />
    <capability name="CSD_CMOD" value="0x0000020000000000" />
  </capabilities>
  <pins>
    <pin number="1" name="VDDA">
      <pad name="VDDIO_A_1" number="70" type="PWR" ioSupplyPin="VDDIO_A" powerPadNames="VDDIO_A_1" capabilities="0x0000000000000000" />
    </pin>
    <pin number="2" name="VDDA">
      <pad name="VDDA_0" number="44" type="PWR" ioSupplyPin="VDDIO_A" powerPadNames="VDDA_0" capabilities="0x0000000000000000" />
    </pin>
    <pin number="3" name="P1[6]">
      <pad name="P1[6]" number="55" type="GPIO" portId="1" pinId="6" ioSupplyPin="VDDIO_A" capabilities="0x000000D000000217">
        <ffbterm ffbtype="TCPWM" ffbid="7" term="line" alternative="1" />
        <ffbterm ffbtype="LCD" ffbid="0" term="com" wire="14" />
        <ffbterm ffbtype="LCD" ffbid="0" term="seg" wire="14" />
        <ffbterm ffbtype="SCB" ffbid="0" term="spi_select" wire="3" alternative="1" />
        <ffbterm ffbtype="SCB" ffbid="0" term="select_m" wire="0" alternative="1" resource="spi_select_3" />
        <ffbterm ffbtype="SCB" ffbid="0" term="select_m" wire="1" alternative="1" resource="spi_select_3" />
        <ffbterm ffbtype="SCB" ffbid="0" term="select_m" wire="2" alternative="1" resource="spi_select_3" />
        <ffbterm ffbtype="SCB" ffbid="0" term="select_m" wire="3" alternative="1" resource="spi_select_3" />
        <ffbterm ffbtype="OA" ffbid="0" term="vplus" />
      </pad>
    </pin>
    <pin number="4" name="P1[3]">
      <pad name="P1[3]" number="52" type="GPIO" portId="1" pinId="3" ioSupplyPin="VDDIO_A" capabilities="0x000000D000000417">
        <ffbterm ffbtype="TCPWM" ffbid="3" term="line_compl" alternative="1" />
        <ffbterm ffbtype="SCB" ffbid="0" term="uart_rts" alternative="1" />
        <ffbterm ffbtype="LCD" ffbid="0" term="com" wire="11" />
        <ffbterm ffbtype="LCD" ffbid="0" term="seg" wire="11" />
        <ffbterm ffbtype="SCB" ffbid="0" term="spi_select" wire="0" alternative="1" />
        <ffbterm ffbtype="SCB" ffbid="0" term="select_m" wire="0" alternative="1" resource="spi_select_0" />
        <ffbterm ffbtype="SCB" ffbid="0" term="select_m" wire="1" alternative="1" resource="spi_select_0" />
        <ffbterm ffbtype="SCB" ffbid="0" term="select_m" wire="2" alternative="1" resource="spi_select_0" />
        <ffbterm ffbtype="SCB" ffbid="0" term="select_m" wire="3" alternative="1" resource="spi_select_0" />
        <ffbterm ffbtype="SCB" ffbid="0" term="select_s" alternative="1" resource="spi_select_0" />
        <ffbterm ffbtype="OA" ffbid="1" term="vout10" />
      </pad>
    </pin>
    <pin number="5" name="P1[2]">
      <pad name="P1[2]" number="51" type="GPIO" portId="1" pinId="2" ioSupplyPin="VDDIO_A" capabilities="0x000000D000000417">
        <ffbterm ffbtype="TCPWM" ffbid="3" term="line" alternative="1" />
        <ffbterm ffbtype="SCB" ffbid="0" term="uart_cts" alternative="1" />
        <ffbterm ffbtype="LCD" ffbid="0" term="com" wire="10" />
        <ffbterm ffbtype="LCD" ffbid="0" term="seg" wire="10" />
        <ffbterm ffbtype="SCB" ffbid="0" term="spi_clk" alternative="1" />
        <ffbterm ffbtype="SCB" ffbid="0" term="sclk_m" alternative="1" />
        <ffbterm ffbtype="SCB" ffbid="0" term="sclk_s" alternative="1" />
        <ffbterm ffbtype="OA" ffbid="0" term="vout10" />
      </pad>
    </pin>
    <pin number="6" name="P5[6]">
      <pad name="P5[6]" number="42" type="GPIO" portId="5" pinId="6" ioSupplyPin="VDDIO_A" capabilities="0x000000D000000217">
        <ffbterm ffbtype="TCPWM" ffbid="7" term="line" alternative="2" />
        <ffbterm ffbtype="LCD" ffbid="0" term="com" wire="46" />
        <ffbterm ffbtype="LCD" ffbid="0" term="seg" wire="46" />
        <ffbterm ffbtype="SCB" ffbid="2" term="spi_select" wire="3" />
        <ffbterm ffbtype="SCB" ffbid="2" term="select_m" wire="0" resource="spi_select_3" />
        <ffbterm ffbtype="SCB" ffbid="2" term="select_m" wire="1" resource="spi_select_3" />
        <ffbterm ffbtype="SCB" ffbid="2" term="select_m" wire="2" resource="spi_select_3" />
        <ffbterm ffbtype="SCB" ffbid="2" term="select_m" wire="3" resource="spi_select_3" />
        <ffbterm ffbtype="OA" ffbid="2" term="vplus" />
      </pad>
    </pin>
    <pin number="7" name="P5[3]">
      <pad name="P5[3]" number="39" type="GPIO" portId="5" pinId="3" ioSupplyPin="VDDIO_A" capabilities="0x000000D000000417">
        <ffbterm ffbtype="TCPWM" ffbid="5" term="line_compl" alternative="2" />
        <ffbterm ffbtype="SCB" ffbid="2" term="uart_rts" />
        <ffbterm ffbtype="LCD" ffbid="0" term="com" wire="43" />
        <ffbterm ffbtype="LCD" ffbid="0" term="seg" wire="43" />
        <ffbterm ffbtype="LPCOMP" ffbid="1" term="cmpout" alternative="1" />
        <ffbterm ffbtype="SCB" ffbid="2" term="spi_select" wire="0" />
        <ffbterm ffbtype="SCB" ffbid="2" term="select_m" wire="0" resource="spi_select_0" />
        <ffbterm ffbtype="SCB" ffbid="2" term="select_m" wire="1" resource="spi_select_0" />
        <ffbterm ffbtype="SCB" ffbid="2" term="select_m" wire="2" resource="spi_select_0" />
        <ffbterm ffbtype="SCB" ffbid="2" term="select_m" wire="3" resource="spi_select_0" />
        <ffbterm ffbtype="SCB" ffbid="2" term="select_s" resource="spi_select_0" />
        <ffbterm ffbtype="OA" ffbid="3" term="vout10" />
      </pad>
    </pin>
    <pin number="8" name="P5[2]">
      <pad name="P5[2]" number="38" type="GPIO" portId="5" pinId="2" ioSupplyPin="VDDIO_A" capabilities="0x000000D000000417">
        <ffbterm ffbtype="TCPWM" ffbid="5" term="line" alternative="2" />
        <ffbterm ffbtype="SCB" ffbid="2" term="uart_cts" />
        <ffbterm ffbtype="LCD" ffbid="0" term="com" wire="42" />
        <ffbterm ffbtype="LCD" ffbid="0" term="seg" wire="42" />
        <ffbterm ffbtype="LPCOMP" ffbid="0" term="cmpout" alternative="1" />
        <ffbterm ffbtype="SCB" ffbid="2" term="spi_clk" />
        <ffbterm ffbtype="SCB" ffbid="2" term="sclk_m" />
        <ffbterm ffbtype="SCB" ffbid="2" term="sclk_s" />
        <ffbterm ffbtype="OA" ffbid="2" term="vout10" />
      </pad>
    </pin>
    <pin number="9" name="P9[5]">
      <pad name="P9[5]" number="32" type="OVTIO" portId="9" pinId="5" ioSupplyPin="VDDIO_0" capabilities="0x000000F000000053">
        <ffbterm ffbtype="TCPWM" ffbid="2" term="line_compl" alternative="2" />
        <ffbterm ffbtype="LCD" ffbid="0" term="com" wire="13" alternative="1" />
        <ffbterm ffbtype="LCD" ffbid="0" term="seg" wire="13" alternative="1" />
        <ffbterm ffbtype="SCB" ffbid="0" term="spi_select" wire="2" />
        <ffbterm ffbtype="SCB" ffbid="0" term="select_m" wire="0" resource="spi_select_2" />
        <ffbterm ffbtype="SCB" ffbid="0" term="select_m" wire="1" resource="spi_select_2" />
        <ffbterm ffbtype="SCB" ffbid="0" term="select_m" wire="2" resource="spi_select_2" />
        <ffbterm ffbtype="SCB" ffbid="0" term="select_m" wire="3" resource="spi_select_2" />
      </pad>
    </pin>
    <pin number="10" name="P9[2]">
      <pad name="P9[2]" number="29" type="OVTIO" portId="9" pinId="2" ioSupplyPin="VDDIO_0" capabilities="0x000000F000000053">
        <ffbterm ffbtype="TCPWM" ffbid="1" term="line" alternative="2" />
        <ffbterm ffbtype="SCB" ffbid="0" term="uart_cts" />
        <ffbterm ffbtype="LCD" ffbid="0" term="com" wire="10" alternative="1" />
        <ffbterm ffbtype="LCD" ffbid="0" term="seg" wire="10" alternative="1" />
        <ffbterm ffbtype="SCB" ffbid="0" term="spi_clk" />
        <ffbterm ffbtype="SCB" ffbid="0" term="sclk_m" />
        <ffbterm ffbtype="SCB" ffbid="0" term="sclk_s" />
      </pad>
    </pin>
    <pin number="11" name="P9[0]">
      <pad name="P9[0]" number="27" type="OVTIO" portId="9" pinId="0" ioSupplyPin="VDDIO_0" capabilities="0x000000F000000053">
        <ffbterm ffbtype="TCPWM" ffbid="0" term="line" alternative="2" />
        <ffbterm ffbtype="SCB" ffbid="0" term="uart_rx" />
        <ffbterm ffbtype="LCD" ffbid="0" term="com" wire="8" alternative="1" />
        <ffbterm ffbtype="LCD" ffbid="0" term="seg" wire="8" alternative="1" />
        <ffbterm ffbtype="SCB" ffbid="0" term="i2c_scl" />
        <ffbterm ffbtype="SCB" ffbid="0" term="spi_mosi" />
        <ffbterm ffbtype="SCB" ffbid="0" term="mosi_m" />
        <ffbterm ffbtype="SCB" ffbid="0" term="mosi_s" />
      </pad>
    </pin>
    <pin number="12" name="VCCD">
      <pad name="VCCQ_CSD" number="19" type="PWR" ioSupplyPin="VDDIO_0" powerPadNames="VCCQ_CSD" capabilities="0x0000000000000000" />
      <pad name="VCCD_0" number="20" type="PWR" ioSupplyPin="VDDIO_0" powerPadNames="VCCD_0" capabilities="0x0000000000000000" />
      <pad name="VCCD_1" number="21" type="PWR" ioSupplyPin="VDDIO_0" powerPadNames="VCCD_1" capabilities="0x0000000000000000" />
    </pin>
    <pin number="13" name="VDDD">
      <pad name="VDDIO_0" number="26" type="PWR" ioSupplyPin="VDDIO_0" powerPadNames="VDDIO_0" capabilities="0x0000000000000000" />
    </pin>
    <pin number="14" name="VREF">
      <pad name="VREF" number="57" type="DEDICATED" ioSupplyPin="VDDIO_A" capabilities="0x0000000040000000">
        <ffbterm ffbtype="SARADC" ffbid="0" term="ext_vref" />
      </pad>
    </pin>
    <pin number="15" name="VDDA">
      <pad name="VDDA_CTB" number="45" type="PWR" ioSupplyPin="VDDIO_A" powerPadNames="VDDA_CTB" capabilities="0x0000000000000000" />
      <pad name="VDDA_1" number="60" type="PWR" ioSupplyPin="VDDIO_A" powerPadNames="VDDA_1" capabilities="0x0000000000000000" />
    </pin>
    <pin number="16" name="P1[7]">
      <pad name="P1[7]" number="56" type="GPIO" portId="1" pinId="7" ioSupplyPin="VDDIO_A" capabilities="0x000000D000000217">
        <ffbterm ffbtype="TCPWM" ffbid="7" term="line_compl" alternative="1" />
        <ffbterm ffbtype="LCD" ffbid="0" term="com" wire="15" />
        <ffbterm ffbtype="LCD" ffbid="0" term="seg" wire="15" />
        <ffbterm ffbtype="OA" ffbid="1" term="vplus" />
      </pad>
    </pin>
    <pin number="17" name="P1[4]">
      <pad name="P1[4]" number="53" type="GPIO" portId="1" pinId="4" ioSupplyPin="VDDIO_A" capabilities="0x000000D000000817">
        <ffbterm ffbtype="TCPWM" ffbid="6" term="line" alternative="1" />
        <ffbterm ffbtype="LCD" ffbid="0" term="com" wire="12" />
        <ffbterm ffbtype="LCD" ffbid="0" term="seg" wire="12" />
        <ffbterm ffbtype="SCB" ffbid="0" term="spi_select" wire="1" alternative="1" />
        <ffbterm ffbtype="SCB" ffbid="0" term="select_m" wire="0" alternative="1" resource="spi_select_1" />
        <ffbterm ffbtype="SCB" ffbid="0" term="select_m" wire="1" alternative="1" resource="spi_select_1" />
        <ffbterm ffbtype="SCB" ffbid="0" term="select_m" wire="2" alternative="1" resource="spi_select_1" />
        <ffbterm ffbtype="SCB" ffbid="0" term="select_m" wire="3" alternative="1" resource="spi_select_1" />
        <ffbterm ffbtype="OA" ffbid="1" term="vminus" />
      </pad>
    </pin>
    <pin number="18" name="P1[1]">
      <pad name="P1[1]" number="50" type="GPIO" portId="1" pinId="1" ioSupplyPin="VDDIO_A" capabilities="0x000000D000000817">
        <ffbterm ffbtype="TCPWM" ffbid="2" term="line_compl" alternative="1" />
        <ffbterm ffbtype="SCB" ffbid="0" term="uart_tx" alternative="1" />
        <ffbterm ffbtype="LCD" ffbid="0" term="com" wire="9" />
        <ffbterm ffbtype="LCD" ffbid="0" term="seg" wire="9" />
        <ffbterm ffbtype="SCB" ffbid="0" term="i2c_sda" alternative="1" />
        <ffbterm ffbtype="SCB" ffbid="0" term="spi_miso" alternative="1" />
        <ffbterm ffbtype="SCB" ffbid="0" term="miso_m" alternative="1" />
        <ffbterm ffbtype="SCB" ffbid="0" term="miso_s" alternative="1" />
        <ffbterm ffbtype="OA" ffbid="0" term="vminus" />
      </pad>
    </pin>
    <pin number="19" name="P5[7]">
      <pad name="P5[7]" number="43" type="GPIO" portId="5" pinId="7" ioSupplyPin="VDDIO_A" capabilities="0x000000D000000217">
        <ffbterm ffbtype="TCPWM" ffbid="7" term="line_compl" alternative="2" />
        <ffbterm ffbtype="LCD" ffbid="0" term="com" wire="47" />
        <ffbterm ffbtype="LCD" ffbid="0" term="seg" wire="47" />
        <ffbterm ffbtype="OA" ffbid="3" term="vplus" />
      </pad>
    </pin>
    <pin number="20" name="P5[4]">
      <pad name="P5[4]" number="40" type="GPIO" portId="5" pinId="4" ioSupplyPin="VDDIO_A" capabilities="0x000000D000000817">
        <ffbterm ffbtype="TCPWM" ffbid="6" term="line" alternative="2" />
        <ffbterm ffbtype="LCD" ffbid="0" term="com" wire="44" />
        <ffbterm ffbtype="LCD" ffbid="0" term="seg" wire="44" />
        <ffbterm ffbtype="SCB" ffbid="2" term="spi_select" wire="1" />
        <ffbterm ffbtype="SCB" ffbid="2" term="select_m" wire="0" resource="spi_select_1" />
        <ffbterm ffbtype="SCB" ffbid="2" term="select_m" wire="1" resource="spi_select_1" />
        <ffbterm ffbtype="SCB" ffbid="2" term="select_m" wire="2" resource="spi_select_1" />
        <ffbterm ffbtype="SCB" ffbid="2" term="select_m" wire="3" resource="spi_select_1" />
        <ffbterm ffbtype="OA" ffbid="3" term="vminus" />
      </pad>
    </pin>
    <pin number="21" name="P5[1]">
      <pad name="P5[1]" number="37" type="GPIO" portId="5" pinId="1" ioSupplyPin="VDDIO_A" capabilities="0x000001D000000817">
        <ffbterm ffbtype="TCPWM" ffbid="4" term="line_compl" alternative="2" />
        <ffbterm ffbtype="SCB" ffbid="2" term="uart_tx" />
        <ffbterm ffbtype="LCD" ffbid="0" term="com" wire="41" />
        <ffbterm ffbtype="LCD" ffbid="0" term="seg" wire="41" />
        <ffbterm ffbtype="SCB" ffbid="2" term="i2c_sda" />
        <ffbterm ffbtype="SCB" ffbid="2" term="spi_miso" />
        <ffbterm ffbtype="SCB" ffbid="2" term="miso_m" />
        <ffbterm ffbtype="SCB" ffbid="2" term="miso_s" />
        <ffbterm ffbtype="OA" ffbid="2" term="vminus" />
        <ffbterm ffbtype="CSD" ffbid="1" term="csh" />
      </pad>
    </pin>
    <pin number="22" name="P9[6]">
      <pad name="P9[6]" number="33" type="OVTIO" portId="9" pinId="6" ioSupplyPin="VDDIO_0" capabilities="0x000000F000000053">
        <ffbterm ffbtype="TCPWM" ffbid="3" term="line" alternative="2" />
        <ffbterm ffbtype="LCD" ffbid="0" term="com" wire="14" alternative="1" />
        <ffbterm ffbtype="LCD" ffbid="0" term="seg" wire="14" alternative="1" />
        <ffbterm ffbtype="SCB" ffbid="3" term="i2c_scl" alternative="3" />
        <ffbterm ffbtype="SCB" ffbid="0" term="spi_select" wire="3" />
        <ffbterm ffbtype="SCB" ffbid="0" term="select_m" wire="0" resource="spi_select_3" />
        <ffbterm ffbtype="SCB" ffbid="0" term="select_m" wire="1" resource="spi_select_3" />
        <ffbterm ffbtype="SCB" ffbid="0" term="select_m" wire="2" resource="spi_select_3" />
        <ffbterm ffbtype="SCB" ffbid="0" term="select_m" wire="3" resource="spi_select_3" />
      </pad>
    </pin>
    <pin number="23" name="P9[3]">
      <pad name="P9[3]" number="30" type="OVTIO" portId="9" pinId="3" ioSupplyPin="VDDIO_0" capabilities="0x000000F000000053">
        <ffbterm ffbtype="TCPWM" ffbid="1" term="line_compl" alternative="2" />
        <ffbterm ffbtype="SCB" ffbid="0" term="uart_rts" />
        <ffbterm ffbtype="LCD" ffbid="0" term="com" wire="11" alternative="1" />
        <ffbterm ffbtype="LCD" ffbid="0" term="seg" wire="11" alternative="1" />
        <ffbterm ffbtype="SCB" ffbid="0" term="spi_select" wire="0" />
        <ffbterm ffbtype="SCB" ffbid="0" term="select_m" wire="0" resource="spi_select_0" />
        <ffbterm ffbtype="SCB" ffbid="0" term="select_m" wire="1" resource="spi_select_0" />
        <ffbterm ffbtype="SCB" ffbid="0" term="select_m" wire="2" resource="spi_select_0" />
        <ffbterm ffbtype="SCB" ffbid="0" term="select_m" wire="3" resource="spi_select_0" />
        <ffbterm ffbtype="SCB" ffbid="0" term="select_s" resource="spi_select_0" />
      </pad>
    </pin>
    <pin number="24" name="P9[1]">
      <pad name="P9[1]" number="28" type="OVTIO" portId="9" pinId="1" ioSupplyPin="VDDIO_0" capabilities="0x000000F000000053">
        <ffbterm ffbtype="TCPWM" ffbid="0" term="line_compl" alternative="2" />
        <ffbterm ffbtype="SCB" ffbid="0" term="uart_tx" />
        <ffbterm ffbtype="LCD" ffbid="0" term="com" wire="9" alternative="1" />
        <ffbterm ffbtype="LCD" ffbid="0" term="seg" wire="9" alternative="1" />
        <ffbterm ffbtype="SCB" ffbid="0" term="i2c_sda" />
        <ffbterm ffbtype="SCB" ffbid="0" term="spi_miso" />
        <ffbterm ffbtype="SCB" ffbid="0" term="miso_m" />
        <ffbterm ffbtype="SCB" ffbid="0" term="miso_s" />
      </pad>
    </pin>
    <pin number="25" name="P8[7]">
      <pad name="P8[7]" number="17" type="GPIO" portId="8" pinId="7" ioSupplyPin="VDDIO_0" capabilities="0x000000D000000013">
        <ffbterm ffbtype="LCD" ffbid="0" term="com" wire="7" alternative="1" />
        <ffbterm ffbtype="LCD" ffbid="0" term="seg" wire="7" alternative="1" />
      </pad>
    </pin>
    <pin number="26" name="VDDD">
      <pad name="VDDD" number="25" type="PWR" ioSupplyPin="VDDIO_0" powerPadNames="VDDD" capabilities="0x0000000000000000" />
    </pin>
    <pin number="27" name="P2[0]">
      <pad name="P2[0]" number="61" type="GPIO" portId="2" pinId="0" ioSupplyPin="VDDIO_A" capabilities="0x000000D000000017">
        <ffbterm ffbtype="TCPWM" ffbid="4" term="line" alternative="1" />
        <ffbterm ffbtype="SCB" ffbid="1" term="uart_rx" alternative="1" />
        <ffbterm ffbtype="LCD" ffbid="0" term="com" wire="16" />
        <ffbterm ffbtype="LCD" ffbid="0" term="seg" wire="16" />
        <ffbterm ffbtype="SCB" ffbid="1" term="i2c_scl" alternative="1" />
        <ffbterm ffbtype="SCB" ffbid="1" term="spi_mosi" alternative="1" />
        <ffbterm ffbtype="SCB" ffbid="1" term="mosi_m" alternative="1" />
        <ffbterm ffbtype="SCB" ffbid="1" term="mosi_s" alternative="1" />
        <ffbterm ffbtype="SARMUX" ffbid="0" term="pads" wire="0" />
      </pad>
    </pin>
    <pin number="28" name="P2[1]">
      <pad name="P2[1]" number="62" type="GPIO" portId="2" pinId="1" ioSupplyPin="VDDIO_A" capabilities="0x000000D000000017">
        <ffbterm ffbtype="TCPWM" ffbid="4" term="line_compl" alternative="1" />
        <ffbterm ffbtype="SCB" ffbid="1" term="uart_tx" alternative="1" />
        <ffbterm ffbtype="LCD" ffbid="0" term="com" wire="17" />
        <ffbterm ffbtype="LCD" ffbid="0" term="seg" wire="17" />
        <ffbterm ffbtype="SCB" ffbid="1" term="i2c_sda" alternative="1" />
        <ffbterm ffbtype="SCB" ffbid="1" term="spi_miso" alternative="1" />
        <ffbterm ffbtype="SCB" ffbid="1" term="miso_m" alternative="1" />
        <ffbterm ffbtype="SCB" ffbid="1" term="miso_s" alternative="1" />
        <ffbterm ffbtype="SARMUX" ffbid="0" term="pads" wire="1" />
      </pad>
    </pin>
    <pin number="29" name="VSSA">
      <pad name="VSSA_CTB" number="46" type="GND" ioSupplyPin="VDDIO_A" powerPadNames="VSSA_CTB" capabilities="0x0000000000000000" />
      <pad name="VSUB_ANA_0" number="47" type="GND" ioSupplyPin="VDDIO_A" powerPadNames="VSUB_ANA_0" capabilities="0x0000000000000000" />
      <pad name="VSSA_0" number="48" type="GND" ioSupplyPin="VDDIO_A" powerPadNames="VSSA_0" capabilities="0x0000000000000000" />
      <pad name="VSUB_ANA_1" number="58" type="GND" ioSupplyPin="VDDIO_A" powerPadNames="VSUB_ANA_1" capabilities="0x0000000000000000" />
    </pin>
    <pin number="30" name="P1[5]">
      <pad name="P1[5]" number="54" type="GPIO" portId="1" pinId="5" ioSupplyPin="VDDIO_A" capabilities="0x000000D000000217">
        <ffbterm ffbtype="TCPWM" ffbid="6" term="line_compl" alternative="1" />
        <ffbterm ffbtype="LCD" ffbid="0" term="com" wire="13" />
        <ffbterm ffbtype="LCD" ffbid="0" term="seg" wire="13" />
        <ffbterm ffbtype="SCB" ffbid="0" term="spi_select" wire="2" alternative="1" />
        <ffbterm ffbtype="SCB" ffbid="0" term="select_m" wire="0" alternative="1" resource="spi_select_2" />
        <ffbterm ffbtype="SCB" ffbid="0" term="select_m" wire="1" alternative="1" resource="spi_select_2" />
        <ffbterm ffbtype="SCB" ffbid="0" term="select_m" wire="2" alternative="1" resource="spi_select_2" />
        <ffbterm ffbtype="SCB" ffbid="0" term="select_m" wire="3" alternative="1" resource="spi_select_2" />
        <ffbterm ffbtype="OA" ffbid="1" term="vplus" />
      </pad>
    </pin>
    <pin number="31" name="P1[0]">
      <pad name="P1[0]" number="49" type="GPIO" portId="1" pinId="0" ioSupplyPin="VDDIO_A" capabilities="0x000000D000000217">
        <ffbterm ffbtype="TCPWM" ffbid="2" term="line" alternative="1" />
        <ffbterm ffbtype="SCB" ffbid="0" term="uart_rx" alternative="1" />
        <ffbterm ffbtype="LCD" ffbid="0" term="com" wire="8" />
        <ffbterm ffbtype="LCD" ffbid="0" term="seg" wire="8" />
        <ffbterm ffbtype="SCB" ffbid="0" term="i2c_scl" alternative="1" />
        <ffbterm ffbtype="SCB" ffbid="0" term="spi_mosi" alternative="1" />
        <ffbterm ffbtype="SCB" ffbid="0" term="mosi_m" alternative="1" />
        <ffbterm ffbtype="SCB" ffbid="0" term="mosi_s" alternative="1" />
        <ffbterm ffbtype="OA" ffbid="0" term="vplus" />
      </pad>
    </pin>
    <pin number="32" name="n/c" />
    <pin number="33" name="P5[5]">
      <pad name="P5[5]" number="41" type="GPIO" portId="5" pinId="5" ioSupplyPin="VDDIO_A" capabilities="0x000000D000000217">
        <ffbterm ffbtype="TCPWM" ffbid="6" term="line_compl" alternative="2" />
        <ffbterm ffbtype="LCD" ffbid="0" term="com" wire="45" />
        <ffbterm ffbtype="LCD" ffbid="0" term="seg" wire="45" />
        <ffbterm ffbtype="SCB" ffbid="2" term="spi_select" wire="2" />
        <ffbterm ffbtype="SCB" ffbid="2" term="select_m" wire="0" resource="spi_select_2" />
        <ffbterm ffbtype="SCB" ffbid="2" term="select_m" wire="1" resource="spi_select_2" />
        <ffbterm ffbtype="SCB" ffbid="2" term="select_m" wire="2" resource="spi_select_2" />
        <ffbterm ffbtype="SCB" ffbid="2" term="select_m" wire="3" resource="spi_select_2" />
        <ffbterm ffbtype="OA" ffbid="3" term="vplus" />
      </pad>
    </pin>
    <pin number="34" name="P5[0]">
      <pad name="P5[0]" number="36" type="GPIO" portId="5" pinId="0" ioSupplyPin="VDDIO_A" capabilities="0x000002D000000217">
        <ffbterm ffbtype="TCPWM" ffbid="4" term="line" alternative="2" />
        <ffbterm ffbtype="SCB" ffbid="2" term="uart_rx" />
        <ffbterm ffbtype="LCD" ffbid="0" term="com" wire="40" />
        <ffbterm ffbtype="LCD" ffbid="0" term="seg" wire="40" />
        <ffbterm ffbtype="SCB" ffbid="2" term="i2c_scl" />
        <ffbterm ffbtype="SCB" ffbid="2" term="spi_mosi" />
        <ffbterm ffbtype="SCB" ffbid="2" term="mosi_m" />
        <ffbterm ffbtype="SCB" ffbid="2" term="mosi_s" />
        <ffbterm ffbtype="OA" ffbid="2" term="vplus" />
        <ffbterm ffbtype="CSD" ffbid="1" term="cmod" />
      </pad>
    </pin>
    <pin number="35" name="P9[7]">
      <pad name="P9[7]" number="34" type="OVTIO" portId="9" pinId="7" ioSupplyPin="VDDIO_0" capabilities="0x000000F000000053">
        <ffbterm ffbtype="TCPWM" ffbid="3" term="line_compl" alternative="2" />
        <ffbterm ffbtype="LCD" ffbid="0" term="com" wire="15" alternative="1" />
        <ffbterm ffbtype="LCD" ffbid="0" term="seg" wire="15" alternative="1" />
        <ffbterm ffbtype="SCB" ffbid="3" term="i2c_sda" alternative="3" />
      </pad>
    </pin>
    <pin number="36" name="P9[4]">
      <pad name="P9[4]" number="31" type="OVTIO" portId="9" pinId="4" ioSupplyPin="VDDIO_0" capabilities="0x000000F000000053">
        <ffbterm ffbtype="TCPWM" ffbid="2" term="line" alternative="2" />
        <ffbterm ffbtype="LCD" ffbid="0" term="com" wire="12" alternative="1" />
        <ffbterm ffbtype="LCD" ffbid="0" term="seg" wire="12" alternative="1" />
        <ffbterm ffbtype="SCB" ffbid="0" term="spi_select" wire="1" />
        <ffbterm ffbtype="SCB" ffbid="0" term="select_m" wire="0" resource="spi_select_1" />
        <ffbterm ffbtype="SCB" ffbid="0" term="select_m" wire="1" resource="spi_select_1" />
        <ffbterm ffbtype="SCB" ffbid="0" term="select_m" wire="2" resource="spi_select_1" />
        <ffbterm ffbtype="SCB" ffbid="0" term="select_m" wire="3" resource="spi_select_1" />
      </pad>
    </pin>
    <pin number="37" name="XRES">
      <pad name="XRES" number="18" type="DEDICATED" ioSupplyPin="VDDIO_0" capabilities="0x0000000000000000" />
    </pin>
    <pin number="38" name="P8[6]">
      <pad name="P8[6]" number="16" type="GPIO" portId="8" pinId="6" ioSupplyPin="VDDIO_0" capabilities="0x000000D000000013">
        <ffbterm ffbtype="LCD" ffbid="0" term="com" wire="6" alternative="1" />
        <ffbterm ffbtype="LCD" ffbid="0" term="seg" wire="6" alternative="1" />
        <ffbterm ffbtype="SCB" ffbid="3" term="spi_select" wire="3" />
        <ffbterm ffbtype="SCB" ffbid="3" term="select_m" wire="0" resource="spi_select_3" />
        <ffbterm ffbtype="SCB" ffbid="3" term="select_m" wire="1" resource="spi_select_3" />
        <ffbterm ffbtype="SCB" ffbid="3" term="select_m" wire="2" resource="spi_select_3" />
        <ffbterm ffbtype="SCB" ffbid="3" term="select_m" wire="3" resource="spi_select_3" />
      </pad>
    </pin>
    <pin number="39" name="P8[5]">
      <pad name="P8[5]" number="15" type="GPIO" portId="8" pinId="5" ioSupplyPin="VDDIO_0" capabilities="0x000000D000000013">
        <ffbterm ffbtype="LCD" ffbid="0" term="com" wire="5" alternative="1" />
        <ffbterm ffbtype="LCD" ffbid="0" term="seg" wire="5" alternative="1" />
        <ffbterm ffbtype="SCB" ffbid="3" term="spi_select" wire="2" />
        <ffbterm ffbtype="SCB" ffbid="3" term="select_m" wire="0" resource="spi_select_2" />
        <ffbterm ffbtype="SCB" ffbid="3" term="select_m" wire="1" resource="spi_select_2" />
        <ffbterm ffbtype="SCB" ffbid="3" term="select_m" wire="2" resource="spi_select_2" />
        <ffbterm ffbtype="SCB" ffbid="3" term="select_m" wire="3" resource="spi_select_2" />
      </pad>
    </pin>
    <pin number="40" name="P2[2]">
      <pad name="P2[2]" number="63" type="GPIO" portId="2" pinId="2" ioSupplyPin="VDDIO_A" capabilities="0x000000D000000017">
        <ffbterm ffbtype="TCPWM" ffbid="5" term="line" alternative="1" />
        <ffbterm ffbtype="SCB" ffbid="1" term="uart_cts" alternative="1" />
        <ffbterm ffbtype="LCD" ffbid="0" term="com" wire="18" />
        <ffbterm ffbtype="LCD" ffbid="0" term="seg" wire="18" />
        <ffbterm ffbtype="SCB" ffbid="1" term="spi_clk" alternative="1" />
        <ffbterm ffbtype="SCB" ffbid="1" term="sclk_m" alternative="1" />
        <ffbterm ffbtype="SCB" ffbid="1" term="sclk_s" alternative="1" />
        <ffbterm ffbtype="SARMUX" ffbid="0" term="pads" wire="2" />
      </pad>
    </pin>
    <pin number="41" name="P2[3]">
      <pad name="P2[3]" number="64" type="GPIO" portId="2" pinId="3" ioSupplyPin="VDDIO_A" capabilities="0x000000D000000017">
        <ffbterm ffbtype="TCPWM" ffbid="5" term="line_compl" alternative="1" />
        <ffbterm ffbtype="SCB" ffbid="1" term="uart_rts" alternative="1" />
        <ffbterm ffbtype="LCD" ffbid="0" term="com" wire="19" />
        <ffbterm ffbtype="LCD" ffbid="0" term="seg" wire="19" />
        <ffbterm ffbtype="SCB" ffbid="1" term="spi_select" wire="0" alternative="1" />
        <ffbterm ffbtype="SCB" ffbid="1" term="select_m" wire="0" alternative="1" resource="spi_select_0" />
        <ffbterm ffbtype="SCB" ffbid="1" term="select_m" wire="1" alternative="1" resource="spi_select_0" />
        <ffbterm ffbtype="SCB" ffbid="1" term="select_m" wire="2" alternative="1" resource="spi_select_0" />
        <ffbterm ffbtype="SCB" ffbid="1" term="select_m" wire="3" alternative="1" resource="spi_select_0" />
        <ffbterm ffbtype="SCB" ffbid="1" term="select_s" alternative="1" resource="spi_select_0" />
        <ffbterm ffbtype="SARMUX" ffbid="0" term="pads" wire="3" />
      </pad>
    </pin>
    <pin number="42" name="P2[4]">
      <pad name="P2[4]" number="65" type="GPIO" portId="2" pinId="4" ioSupplyPin="VDDIO_A" capabilities="0x000000D000000017">
        <ffbterm ffbtype="TCPWM" ffbid="0" term="line" alternative="1" />
        <ffbterm ffbtype="LCD" ffbid="0" term="com" wire="20" />
        <ffbterm ffbtype="LCD" ffbid="0" term="seg" wire="20" />
        <ffbterm ffbtype="SCB" ffbid="1" term="spi_select" wire="1" />
        <ffbterm ffbtype="SCB" ffbid="1" term="select_m" wire="0" resource="spi_select_1" />
        <ffbterm ffbtype="SCB" ffbid="1" term="select_m" wire="1" resource="spi_select_1" />
        <ffbterm ffbtype="SCB" ffbid="1" term="select_m" wire="2" resource="spi_select_1" />
        <ffbterm ffbtype="SCB" ffbid="1" term="select_m" wire="3" resource="spi_select_1" />
        <ffbterm ffbtype="SARMUX" ffbid="0" term="pads" wire="4" />
      </pad>
    </pin>
    <pin number="43" name="VSSA">
      <pad name="VSSA_1" number="59" type="GND" ioSupplyPin="VDDIO_A" powerPadNames="VSSA_1" capabilities="0x0000000000000000" />
    </pin>
    <pin number="49" name="VSSD">
      <pad name="VSSIO_1" number="22" type="GND" ioSupplyPin="VDDIO_0" powerPadNames="VSSIO_1" capabilities="0x0000000000000000" />
      <pad name="VSSQ" number="23" type="GND" ioSupplyPin="VDDIO_0" powerPadNames="VSSQ" capabilities="0x0000000000000000" />
      <pad name="VSSD_0" number="24" type="GND" ioSupplyPin="VDDIO_0" powerPadNames="VSSD_0" capabilities="0x0000000000000000" />
    </pin>
    <pin number="50" name="n/c" />
    <pin number="51" name="P8[4]">
      <pad name="P8[4]" number="14" type="GPIO" portId="8" pinId="4" ioSupplyPin="VDDIO_0" capabilities="0x000000D000000013">
        <ffbterm ffbtype="LCD" ffbid="0" term="com" wire="4" alternative="1" />
        <ffbterm ffbtype="LCD" ffbid="0" term="seg" wire="4" alternative="1" />
        <ffbterm ffbtype="SCB" ffbid="3" term="spi_select" wire="1" />
        <ffbterm ffbtype="SCB" ffbid="3" term="select_m" wire="0" resource="spi_select_1" />
        <ffbterm ffbtype="SCB" ffbid="3" term="select_m" wire="1" resource="spi_select_1" />
        <ffbterm ffbtype="SCB" ffbid="3" term="select_m" wire="2" resource="spi_select_1" />
        <ffbterm ffbtype="SCB" ffbid="3" term="select_m" wire="3" resource="spi_select_1" />
      </pad>
    </pin>
    <pin number="52" name="P8[3]">
      <pad name="P8[3]" number="13" type="GPIO" portId="8" pinId="3" ioSupplyPin="VDDIO_0" capabilities="0x000000D000000013">
        <ffbterm ffbtype="SCB" ffbid="3" term="uart_rts" />
        <ffbterm ffbtype="LCD" ffbid="0" term="com" wire="3" alternative="1" />
        <ffbterm ffbtype="LCD" ffbid="0" term="seg" wire="3" alternative="1" />
        <ffbterm ffbtype="LPCOMP" ffbid="1" term="cmpout" />
        <ffbterm ffbtype="SCB" ffbid="3" term="spi_select" wire="0" />
        <ffbterm ffbtype="SCB" ffbid="3" term="select_m" wire="0" resource="spi_select_0" />
        <ffbterm ffbtype="SCB" ffbid="3" term="select_m" wire="1" resource="spi_select_0" />
        <ffbterm ffbtype="SCB" ffbid="3" term="select_m" wire="2" resource="spi_select_0" />
        <ffbterm ffbtype="SCB" ffbid="3" term="select_m" wire="3" resource="spi_select_0" />
        <ffbterm ffbtype="SCB" ffbid="3" term="select_s" resource="spi_select_0" />
      </pad>
    </pin>
    <pin number="53" name="P2[5]">
      <pad name="P2[5]" number="66" type="GPIO" portId="2" pinId="5" ioSupplyPin="VDDIO_A" capabilities="0x000000D000000017">
        <ffbterm ffbtype="TCPWM" ffbid="0" term="line_compl" alternative="1" />
        <ffbterm ffbtype="LCD" ffbid="0" term="com" wire="21" />
        <ffbterm ffbtype="LCD" ffbid="0" term="seg" wire="21" />
        <ffbterm ffbtype="SCB" ffbid="1" term="spi_select" wire="2" />
        <ffbterm ffbtype="SCB" ffbid="1" term="select_m" wire="0" resource="spi_select_2" />
        <ffbterm ffbtype="SCB" ffbid="1" term="select_m" wire="1" resource="spi_select_2" />
        <ffbterm ffbtype="SCB" ffbid="1" term="select_m" wire="2" resource="spi_select_2" />
        <ffbterm ffbtype="SCB" ffbid="1" term="select_m" wire="3" resource="spi_select_2" />
        <ffbterm ffbtype="SARMUX" ffbid="0" term="pads" wire="5" />
      </pad>
    </pin>
    <pin number="54" name="P2[6]">
      <pad name="P2[6]" number="67" type="GPIO" portId="2" pinId="6" ioSupplyPin="VDDIO_A" capabilities="0x000000D000000017">
        <ffbterm ffbtype="TCPWM" ffbid="1" term="line" alternative="1" />
        <ffbterm ffbtype="LCD" ffbid="0" term="com" wire="22" />
        <ffbterm ffbtype="LCD" ffbid="0" term="seg" wire="22" />
        <ffbterm ffbtype="SCB" ffbid="1" term="spi_select" wire="3" />
        <ffbterm ffbtype="SCB" ffbid="1" term="select_m" wire="0" resource="spi_select_3" />
        <ffbterm ffbtype="SCB" ffbid="1" term="select_m" wire="1" resource="spi_select_3" />
        <ffbterm ffbtype="SCB" ffbid="1" term="select_m" wire="2" resource="spi_select_3" />
        <ffbterm ffbtype="SCB" ffbid="1" term="select_m" wire="3" resource="spi_select_3" />
        <ffbterm ffbtype="SARMUX" ffbid="0" term="pads" wire="6" />
      </pad>
    </pin>
    <pin number="55" name="P2[7]">
      <pad name="P2[7]" number="68" type="GPIO" portId="2" pinId="7" ioSupplyPin="VDDIO_A" capabilities="0x000000D000000017">
        <ffbterm ffbtype="TCPWM" ffbid="1" term="line_compl" alternative="1" />
        <ffbterm ffbtype="LCD" ffbid="0" term="com" wire="23" />
        <ffbterm ffbtype="LCD" ffbid="0" term="seg" wire="23" />
        <ffbterm ffbtype="SARMUX" ffbid="0" term="pads" wire="7" />
      </pad>
    </pin>
    <pin number="63" name="P8[2]">
      <pad name="P8[2]" number="12" type="GPIO" portId="8" pinId="2" ioSupplyPin="VDDIO_0" capabilities="0x000000D000000013">
        <ffbterm ffbtype="SCB" ffbid="3" term="uart_cts" />
        <ffbterm ffbtype="LCD" ffbid="0" term="com" wire="2" alternative="1" />
        <ffbterm ffbtype="LCD" ffbid="0" term="seg" wire="2" alternative="1" />
        <ffbterm ffbtype="LPCOMP" ffbid="0" term="cmpout" />
        <ffbterm ffbtype="SCB" ffbid="3" term="spi_clk" />
        <ffbterm ffbtype="SCB" ffbid="3" term="sclk_m" />
        <ffbterm ffbtype="SCB" ffbid="3" term="sclk_s" />
      </pad>
    </pin>
    <pin number="64" name="P8[1]">
      <pad name="P8[1]" number="11" type="GPIO" portId="8" pinId="1" ioSupplyPin="VDDIO_0" capabilities="0x000000D000000013">
        <ffbterm ffbtype="SCB" ffbid="3" term="uart_tx" />
        <ffbterm ffbtype="LCD" ffbid="0" term="com" wire="1" alternative="1" />
        <ffbterm ffbtype="LCD" ffbid="0" term="seg" wire="1" alternative="1" />
        <ffbterm ffbtype="SCB" ffbid="3" term="i2c_sda" />
        <ffbterm ffbtype="SCB" ffbid="3" term="spi_miso" />
        <ffbterm ffbtype="SCB" ffbid="3" term="miso_m" />
        <ffbterm ffbtype="SCB" ffbid="3" term="miso_s" />
      </pad>
    </pin>
    <pin number="65" name="P8[0]">
      <pad name="P8[0]" number="10" type="GPIO" portId="8" pinId="0" ioSupplyPin="VDDIO_0" capabilities="0x000000D000000013">
        <ffbterm ffbtype="SCB" ffbid="3" term="uart_rx" />
        <ffbterm ffbtype="LCD" ffbid="0" term="com" wire="0" alternative="1" />
        <ffbterm ffbtype="LCD" ffbid="0" term="seg" wire="0" alternative="1" />
        <ffbterm ffbtype="SCB" ffbid="3" term="i2c_scl" />
        <ffbterm ffbtype="SCB" ffbid="3" term="spi_mosi" />
        <ffbterm ffbtype="SCB" ffbid="3" term="mosi_m" />
        <ffbterm ffbtype="SCB" ffbid="3" term="mosi_s" />
      </pad>
    </pin>
    <pin number="66" name="P10[0]">
      <pad name="P10[0]" number="71" type="GPIO" portId="10" pinId="0" ioSupplyPin="VDDIO" capabilities="0x000000D000000017">
        <ffbterm ffbtype="SCB" ffbid="2" term="uart_rx" alternative="1" />
        <ffbterm ffbtype="LCD" ffbid="0" term="com" wire="16" alternative="1" />
        <ffbterm ffbtype="LCD" ffbid="0" term="seg" wire="16" alternative="1" />
        <ffbterm ffbtype="SCB" ffbid="2" term="i2c_scl" alternative="1" />
        <ffbterm ffbtype="SCB" ffbid="2" term="spi_mosi" alternative="1" />
        <ffbterm ffbtype="SCB" ffbid="2" term="mosi_m" alternative="1" />
        <ffbterm ffbtype="SCB" ffbid="2" term="mosi_s" alternative="1" />
      </pad>
    </pin>
    <pin number="67" name="P10[1]">
      <pad name="P10[1]" number="72" type="GPIO" portId="10" pinId="1" ioSupplyPin="VDDIO" capabilities="0x000000D000000017">
        <ffbterm ffbtype="SCB" ffbid="2" term="uart_tx" alternative="1" />
        <ffbterm ffbtype="LCD" ffbid="0" term="com" wire="17" alternative="1" />
        <ffbterm ffbtype="LCD" ffbid="0" term="seg" wire="17" alternative="1" />
        <ffbterm ffbtype="SCB" ffbid="2" term="i2c_sda" alternative="1" />
        <ffbterm ffbtype="SCB" ffbid="2" term="spi_miso" alternative="1" />
        <ffbterm ffbtype="SCB" ffbid="2" term="miso_m" alternative="1" />
        <ffbterm ffbtype="SCB" ffbid="2" term="miso_s" alternative="1" />
      </pad>
    </pin>
    <pin number="68" name="P10[2]">
      <pad name="P10[2]" number="73" type="GPIO" portId="10" pinId="2" ioSupplyPin="VDDIO" capabilities="0x000000D000000017">
        <ffbterm ffbtype="SCB" ffbid="2" term="uart_cts" alternative="1" />
        <ffbterm ffbtype="LCD" ffbid="0" term="com" wire="18" alternative="1" />
        <ffbterm ffbtype="LCD" ffbid="0" term="seg" wire="18" alternative="1" />
        <ffbterm ffbtype="SCB" ffbid="2" term="spi_clk" alternative="1" />
        <ffbterm ffbtype="SCB" ffbid="2" term="sclk_m" alternative="1" />
        <ffbterm ffbtype="SCB" ffbid="2" term="sclk_s" alternative="1" />
      </pad>
    </pin>
    <pin number="76" name="P0[7]">
      <pad name="P0[7]" number="9" type="GPIO" portId="0" pinId="7" ioSupplyPin="VDDIO_0" capabilities="0x000000D000040017">
        <ffbterm ffbtype="SCB" ffbid="1" term="uart_rts" />
        <ffbterm ffbtype="CAN" ffbid="1" term="can_tx_en" />
        <ffbterm ffbtype="LCD" ffbid="0" term="com" wire="7" />
        <ffbterm ffbtype="LCD" ffbid="0" term="seg" wire="7" />
        <ffbterm ffbtype="SRSS" ffbid="0" term="wakeup" />
        <ffbterm ffbtype="SCB" ffbid="1" term="spi_select" wire="0" />
        <ffbterm ffbtype="SCB" ffbid="1" term="select_m" wire="0" resource="spi_select_0" />
        <ffbterm ffbtype="SCB" ffbid="1" term="select_m" wire="1" resource="spi_select_0" />
        <ffbterm ffbtype="SCB" ffbid="1" term="select_m" wire="2" resource="spi_select_0" />
        <ffbterm ffbtype="SCB" ffbid="1" term="select_m" wire="3" resource="spi_select_0" />
        <ffbterm ffbtype="SCB" ffbid="1" term="select_s" resource="spi_select_0" />
      </pad>
    </pin>
    <pin number="77" name="P0[6]">
      <pad name="P0[6]" number="8" type="GPIO" portId="0" pinId="6" ioSupplyPin="VDDIO_0" capabilities="0x000000D400000017">
        <ffbterm ffbtype="SRSS" ffbid="0" term="ext_clk" />
        <ffbterm ffbtype="SCB" ffbid="1" term="uart_cts" />
        <ffbterm ffbtype="LCD" ffbid="0" term="com" wire="6" />
        <ffbterm ffbtype="LCD" ffbid="0" term="seg" wire="6" />
        <ffbterm ffbtype="SCB" ffbid="1" term="spi_clk" />
        <ffbterm ffbtype="SCB" ffbid="1" term="sclk_m" />
        <ffbterm ffbtype="SCB" ffbid="1" term="sclk_s" />
      </pad>
    </pin>
    <pin number="78" name="P0[5]">
      <pad name="P0[5]" number="7" type="GPIO" portId="0" pinId="5" ioSupplyPin="VDDIO_0" capabilities="0x000000D004000017">
        <ffbterm ffbtype="SCB" ffbid="1" term="uart_tx" />
        <ffbterm ffbtype="LCD" ffbid="0" term="com" wire="5" />
        <ffbterm ffbtype="LCD" ffbid="0" term="seg" wire="5" />
        <ffbterm ffbtype="SCB" ffbid="1" term="i2c_sda" />
        <ffbterm ffbtype="SCB" ffbid="1" term="spi_miso" />
        <ffbterm ffbtype="SCB" ffbid="1" term="miso_m" />
        <ffbterm ffbtype="SCB" ffbid="1" term="miso_s" />
        <ffbterm ffbtype="WCO" ffbid="0" term="wco_out" />
      </pad>
    </pin>
    <pin number="79" name="P10[3]">
      <pad name="P10[3]" number="74" type="GPIO" portId="10" pinId="3" ioSupplyPin="VDDIO" capabilities="0x000000D000000017">
        <ffbterm ffbtype="SCB" ffbid="2" term="uart_rts" alternative="1" />
        <ffbterm ffbtype="LCD" ffbid="0" term="com" wire="19" alternative="1" />
        <ffbterm ffbtype="LCD" ffbid="0" term="seg" wire="19" alternative="1" />
        <ffbterm ffbtype="SCB" ffbid="2" term="spi_select" wire="0" alternative="1" />
        <ffbterm ffbtype="SCB" ffbid="2" term="select_m" wire="0" alternative="1" resource="spi_select_0" />
        <ffbterm ffbtype="SCB" ffbid="2" term="select_m" wire="1" alternative="1" resource="spi_select_0" />
        <ffbterm ffbtype="SCB" ffbid="2" term="select_m" wire="2" alternative="1" resource="spi_select_0" />
        <ffbterm ffbtype="SCB" ffbid="2" term="select_m" wire="3" alternative="1" resource="spi_select_0" />
        <ffbterm ffbtype="SCB" ffbid="2" term="select_s" alternative="1" resource="spi_select_0" />
      </pad>
    </pin>
    <pin number="80" name="P10[4]">
      <pad name="P10[4]" number="75" type="GPIO" portId="10" pinId="4" ioSupplyPin="VDDIO" capabilities="0x000000D000000017">
        <ffbterm ffbtype="LCD" ffbid="0" term="com" wire="20" alternative="1" />
        <ffbterm ffbtype="LCD" ffbid="0" term="seg" wire="20" alternative="1" />
        <ffbterm ffbtype="SCB" ffbid="2" term="spi_select" wire="1" alternative="1" />
        <ffbterm ffbtype="SCB" ffbid="2" term="select_m" wire="0" alternative="1" resource="spi_select_1" />
        <ffbterm ffbtype="SCB" ffbid="2" term="select_m" wire="1" alternative="1" resource="spi_select_1" />
        <ffbterm ffbtype="SCB" ffbid="2" term="select_m" wire="2" alternative="1" resource="spi_select_1" />
        <ffbterm ffbtype="SCB" ffbid="2" term="select_m" wire="3" alternative="1" resource="spi_select_1" />
      </pad>
    </pin>
    <pin number="81" name="P10[5]">
      <pad name="P10[5]" number="76" type="GPIO" portId="10" pinId="5" ioSupplyPin="VDDIO" capabilities="0x000000D000000017">
        <ffbterm ffbtype="LCD" ffbid="0" term="com" wire="21" alternative="1" />
        <ffbterm ffbtype="LCD" ffbid="0" term="seg" wire="21" alternative="1" />
        <ffbterm ffbtype="SCB" ffbid="2" term="spi_select" wire="2" alternative="1" />
        <ffbterm ffbtype="SCB" ffbid="2" term="select_m" wire="0" alternative="1" resource="spi_select_2" />
        <ffbterm ffbtype="SCB" ffbid="2" term="select_m" wire="1" alternative="1" resource="spi_select_2" />
        <ffbterm ffbtype="SCB" ffbid="2" term="select_m" wire="2" alternative="1" resource="spi_select_2" />
        <ffbterm ffbtype="SCB" ffbid="2" term="select_m" wire="3" alternative="1" resource="spi_select_2" />
      </pad>
    </pin>
    <pin number="89" name="P0[4]">
      <pad name="P0[4]" number="6" type="GPIO" portId="0" pinId="4" ioSupplyPin="VDDIO_0" capabilities="0x000000D008000017">
        <ffbterm ffbtype="SCB" ffbid="1" term="uart_rx" />
        <ffbterm ffbtype="LCD" ffbid="0" term="com" wire="4" />
        <ffbterm ffbtype="LCD" ffbid="0" term="seg" wire="4" />
        <ffbterm ffbtype="SCB" ffbid="1" term="i2c_scl" />
        <ffbterm ffbtype="SCB" ffbid="1" term="spi_mosi" />
        <ffbterm ffbtype="SCB" ffbid="1" term="mosi_m" />
        <ffbterm ffbtype="SCB" ffbid="1" term="mosi_s" />
        <ffbterm ffbtype="WCO" ffbid="0" term="wco_in" />
      </pad>
    </pin>
    <pin number="90" name="P0[3]">
      <pad name="P0[3]" number="4" type="GPIO" portId="0" pinId="3" ioSupplyPin="VDDIO_0" capabilities="0x000000D000000017">
        <ffbterm ffbtype="LCD" ffbid="0" term="com" wire="3" />
        <ffbterm ffbtype="LCD" ffbid="0" term="seg" wire="3" />
        <ffbterm ffbtype="LPCOMP" ffbid="1" term="vminus" />
      </pad>
    </pin>
    <pin number="91" name="P0[2]">
      <pad name="P0[2]" number="3" type="GPIO" portId="0" pinId="2" ioSupplyPin="VDDIO_0" capabilities="0x000000D000000017">
        <ffbterm ffbtype="LCD" ffbid="0" term="com" wire="2" />
        <ffbterm ffbtype="LCD" ffbid="0" term="seg" wire="2" />
        <ffbterm ffbtype="SCB" ffbid="0" term="spi_select" wire="3" alternative="3" />
        <ffbterm ffbtype="SCB" ffbid="0" term="select_m" wire="0" alternative="3" resource="spi_select_3" />
        <ffbterm ffbtype="SCB" ffbid="0" term="select_m" wire="1" alternative="3" resource="spi_select_3" />
        <ffbterm ffbtype="SCB" ffbid="0" term="select_m" wire="2" alternative="3" resource="spi_select_3" />
        <ffbterm ffbtype="SCB" ffbid="0" term="select_m" wire="3" alternative="3" resource="spi_select_3" />
        <ffbterm ffbtype="LPCOMP" ffbid="1" term="vplus" />
      </pad>
    </pin>
    <pin number="92" name="P10[6]">
      <pad name="P10[6]" number="77" type="GPIO" portId="10" pinId="6" ioSupplyPin="VDDIO" capabilities="0x000000D000000017">
        <ffbterm ffbtype="LCD" ffbid="0" term="com" wire="22" alternative="1" />
        <ffbterm ffbtype="LCD" ffbid="0" term="seg" wire="22" alternative="1" />
        <ffbterm ffbtype="SCB" ffbid="2" term="spi_select" wire="3" alternative="1" />
        <ffbterm ffbtype="SCB" ffbid="2" term="select_m" wire="0" alternative="1" resource="spi_select_3" />
        <ffbterm ffbtype="SCB" ffbid="2" term="select_m" wire="1" alternative="1" resource="spi_select_3" />
        <ffbterm ffbtype="SCB" ffbid="2" term="select_m" wire="2" alternative="1" resource="spi_select_3" />
        <ffbterm ffbtype="SCB" ffbid="2" term="select_m" wire="3" alternative="1" resource="spi_select_3" />
      </pad>
    </pin>
    <pin number="93" name="P10[7]">
      <pad name="P10[7]" number="78" type="GPIO" portId="10" pinId="7" ioSupplyPin="VDDIO" capabilities="0x000000D000000017">
        <ffbterm ffbtype="LCD" ffbid="0" term="com" wire="23" alternative="1" />
        <ffbterm ffbtype="LCD" ffbid="0" term="seg" wire="23" alternative="1" />
      </pad>
    </pin>
    <pin number="94" name="n/c" />
    <pin number="102" name="n/c" />
    <pin number="103" name="P0[1]">
      <pad name="P0[1]" number="2" type="GPIO" portId="0" pinId="1" ioSupplyPin="VDDIO_0" capabilities="0x000000D000000017">
        <ffbterm ffbtype="CAN" ffbid="1" term="can_tx" />
        <ffbterm ffbtype="LCD" ffbid="0" term="com" wire="1" />
        <ffbterm ffbtype="LCD" ffbid="0" term="seg" wire="1" />
        <ffbterm ffbtype="SCB" ffbid="0" term="spi_select" wire="2" alternative="3" />
        <ffbterm ffbtype="SCB" ffbid="0" term="select_m" wire="0" alternative="3" resource="spi_select_2" />
        <ffbterm ffbtype="SCB" ffbid="0" term="select_m" wire="1" alternative="3" resource="spi_select_2" />
        <ffbterm ffbtype="SCB" ffbid="0" term="select_m" wire="2" alternative="3" resource="spi_select_2" />
        <ffbterm ffbtype="SCB" ffbid="0" term="select_m" wire="3" alternative="3" resource="spi_select_2" />
        <ffbterm ffbtype="LPCOMP" ffbid="0" term="vminus" />
      </pad>
    </pin>
    <pin number="104" name="P0[0]">
      <pad name="P0[0]" number="1" type="GPIO" portId="0" pinId="0" ioSupplyPin="VDDIO_0" capabilities="0x000000D000000017">
        <ffbterm ffbtype="CAN" ffbid="1" term="can_rx" />
        <ffbterm ffbtype="LCD" ffbid="0" term="com" wire="0" />
        <ffbterm ffbtype="LCD" ffbid="0" term="seg" wire="0" />
        <ffbterm ffbtype="USB" ffbid="0" term="vbus_valid" />
        <ffbterm ffbtype="SCB" ffbid="0" term="spi_select" wire="1" alternative="3" />
        <ffbterm ffbtype="SCB" ffbid="0" term="select_m" wire="0" alternative="3" resource="spi_select_1" />
        <ffbterm ffbtype="SCB" ffbid="0" term="select_m" wire="1" alternative="3" resource="spi_select_1" />
        <ffbterm ffbtype="SCB" ffbid="0" term="select_m" wire="2" alternative="3" resource="spi_select_1" />
        <ffbterm ffbtype="SCB" ffbid="0" term="select_m" wire="3" alternative="3" resource="spi_select_1" />
        <ffbterm ffbtype="LPCOMP" ffbid="0" term="vplus" />
      </pad>
    </pin>
    <pin number="105" name="P6[0]">
      <pad name="P6[0]" number="80" type="OVTIO" portId="6" pinId="0" ioSupplyPin="VDDIO" capabilities="0x000000F000000053">
        <ffbterm ffbtype="TCPWM" ffbid="4" term="line" />
        <ffbterm ffbtype="SCB" ffbid="3" term="uart_rx" alternative="1" />
        <ffbterm ffbtype="CAN" ffbid="0" term="can_tx_en" />
        <ffbterm ffbtype="LCD" ffbid="0" term="com" wire="48" />
        <ffbterm ffbtype="LCD" ffbid="0" term="seg" wire="48" />
        <ffbterm ffbtype="SCB" ffbid="3" term="i2c_scl" alternative="1" />
        <ffbterm ffbtype="SCB" ffbid="3" term="spi_mosi" alternative="1" />
        <ffbterm ffbtype="SCB" ffbid="3" term="mosi_m" alternative="1" />
        <ffbterm ffbtype="SCB" ffbid="3" term="mosi_s" alternative="1" />
      </pad>
    </pin>
    <pin number="106" name="P6[1]">
      <pad name="P6[1]" number="81" type="OVTIO" portId="6" pinId="1" ioSupplyPin="VDDIO" capabilities="0x000000F000000053">
        <ffbterm ffbtype="TCPWM" ffbid="4" term="line_compl" />
        <ffbterm ffbtype="SCB" ffbid="3" term="uart_tx" alternative="1" />
        <ffbterm ffbtype="CAN" ffbid="0" term="can_rx" />
        <ffbterm ffbtype="LCD" ffbid="0" term="com" wire="49" />
        <ffbterm ffbtype="LCD" ffbid="0" term="seg" wire="49" />
        <ffbterm ffbtype="SCB" ffbid="3" term="i2c_sda" alternative="1" />
        <ffbterm ffbtype="SCB" ffbid="3" term="spi_miso" alternative="1" />
        <ffbterm ffbtype="SCB" ffbid="3" term="miso_m" alternative="1" />
        <ffbterm ffbtype="SCB" ffbid="3" term="miso_s" alternative="1" />
      </pad>
    </pin>
    <pin number="107" name="P6[2]">
      <pad name="P6[2]" number="82" type="OVTIO" portId="6" pinId="2" ioSupplyPin="VDDIO" capabilities="0x000000F000000053">
        <ffbterm ffbtype="TCPWM" ffbid="5" term="line" />
        <ffbterm ffbtype="SCB" ffbid="3" term="uart_cts" alternative="1" />
        <ffbterm ffbtype="CAN" ffbid="0" term="can_tx" />
        <ffbterm ffbtype="LCD" ffbid="0" term="com" wire="50" />
        <ffbterm ffbtype="LCD" ffbid="0" term="seg" wire="50" />
        <ffbterm ffbtype="SCB" ffbid="2" term="i2c_scl" alternative="3" />
        <ffbterm ffbtype="SCB" ffbid="3" term="spi_clk" alternative="1" />
        <ffbterm ffbtype="SCB" ffbid="3" term="sclk_m" alternative="1" />
        <ffbterm ffbtype="SCB" ffbid="3" term="sclk_s" alternative="1" />
      </pad>
    </pin>
    <pin number="115" name="P7[7]">
      <pad name="P7[7]" number="132" type="GPIO" portId="7" pinId="7" ioSupplyPin="VDDIO_0" capabilities="0x000000D000000013">
        <ffbterm ffbtype="TCPWM" ffbid="3" term="line_compl" alternative="3" />
        <ffbterm ffbtype="LCD" ffbid="0" term="com" wire="63" />
        <ffbterm ffbtype="LCD" ffbid="0" term="seg" wire="63" />
      </pad>
    </pin>
    <pin number="116" name="P7[6]">
      <pad name="P7[6]" number="131" type="GPIO" portId="7" pinId="6" ioSupplyPin="VDDIO_0" capabilities="0x000000D000000013">
        <ffbterm ffbtype="TCPWM" ffbid="3" term="line" alternative="3" />
        <ffbterm ffbtype="LCD" ffbid="0" term="com" wire="62" />
        <ffbterm ffbtype="LCD" ffbid="0" term="seg" wire="62" />
        <ffbterm ffbtype="SCB" ffbid="3" term="spi_select" wire="3" alternative="2" />
        <ffbterm ffbtype="SCB" ffbid="3" term="select_m" wire="0" alternative="2" resource="spi_select_3" />
        <ffbterm ffbtype="SCB" ffbid="3" term="select_m" wire="1" alternative="2" resource="spi_select_3" />
        <ffbterm ffbtype="SCB" ffbid="3" term="select_m" wire="2" alternative="2" resource="spi_select_3" />
        <ffbterm ffbtype="SCB" ffbid="3" term="select_m" wire="3" alternative="2" resource="spi_select_3" />
      </pad>
    </pin>
    <pin number="117" name="P7[5]">
      <pad name="P7[5]" number="130" type="GPIO" portId="7" pinId="5" ioSupplyPin="VDDIO_0" capabilities="0x000000D000000013">
        <ffbterm ffbtype="TCPWM" ffbid="2" term="line_compl" alternative="3" />
        <ffbterm ffbtype="LCD" ffbid="0" term="com" wire="61" />
        <ffbterm ffbtype="LCD" ffbid="0" term="seg" wire="61" />
        <ffbterm ffbtype="SCB" ffbid="3" term="spi_select" wire="2" alternative="2" />
        <ffbterm ffbtype="SCB" ffbid="3" term="select_m" wire="0" alternative="2" resource="spi_select_2" />
        <ffbterm ffbtype="SCB" ffbid="3" term="select_m" wire="1" alternative="2" resource="spi_select_2" />
        <ffbterm ffbtype="SCB" ffbid="3" term="select_m" wire="2" alternative="2" resource="spi_select_2" />
        <ffbterm ffbtype="SCB" ffbid="3" term="select_m" wire="3" alternative="2" resource="spi_select_2" />
      </pad>
    </pin>
    <pin number="118" name="P6[3]">
      <pad name="P6[3]" number="83" type="OVTIO" portId="6" pinId="3" ioSupplyPin="VDDIO" capabilities="0x000000F000000053">
        <ffbterm ffbtype="TCPWM" ffbid="5" term="line_compl" />
        <ffbterm ffbtype="SCB" ffbid="3" term="uart_rts" alternative="1" />
        <ffbterm ffbtype="LCD" ffbid="0" term="com" wire="51" />
        <ffbterm ffbtype="LCD" ffbid="0" term="seg" wire="51" />
        <ffbterm ffbtype="SCB" ffbid="2" term="i2c_sda" alternative="3" />
        <ffbterm ffbtype="SCB" ffbid="3" term="spi_select" wire="0" alternative="1" />
        <ffbterm ffbtype="SCB" ffbid="3" term="select_m" wire="0" alternative="1" resource="spi_select_0" />
        <ffbterm ffbtype="SCB" ffbid="3" term="select_m" wire="1" alternative="1" resource="spi_select_0" />
        <ffbterm ffbtype="SCB" ffbid="3" term="select_m" wire="2" alternative="1" resource="spi_select_0" />
        <ffbterm ffbtype="SCB" ffbid="3" term="select_m" wire="3" alternative="1" resource="spi_select_0" />
        <ffbterm ffbtype="SCB" ffbid="3" term="select_s" alternative="1" resource="spi_select_0" />
      </pad>
    </pin>
    <pin number="119" name="P6[4]">
      <pad name="P6[4]" number="84" type="OVTIO" portId="6" pinId="4" ioSupplyPin="VDDIO" capabilities="0x000000F000000053">
        <ffbterm ffbtype="TCPWM" ffbid="6" term="line" />
        <ffbterm ffbtype="LCD" ffbid="0" term="com" wire="52" />
        <ffbterm ffbtype="LCD" ffbid="0" term="seg" wire="52" />
        <ffbterm ffbtype="SCB" ffbid="0" term="i2c_scl" alternative="3" />
        <ffbterm ffbtype="SCB" ffbid="3" term="spi_select" wire="1" alternative="1" />
        <ffbterm ffbtype="SCB" ffbid="3" term="select_m" wire="0" alternative="1" resource="spi_select_1" />
        <ffbterm ffbtype="SCB" ffbid="3" term="select_m" wire="1" alternative="1" resource="spi_select_1" />
        <ffbterm ffbtype="SCB" ffbid="3" term="select_m" wire="2" alternative="1" resource="spi_select_1" />
        <ffbterm ffbtype="SCB" ffbid="3" term="select_m" wire="3" alternative="1" resource="spi_select_1" />
      </pad>
    </pin>
    <pin number="120" name="P6[5]">
      <pad name="P6[5]" number="87" type="OVTIO" portId="6" pinId="5" ioSupplyPin="VDDIO" capabilities="0x000000F000000053">
        <ffbterm ffbtype="TCPWM" ffbid="6" term="line_compl" />
        <ffbterm ffbtype="LCD" ffbid="0" term="com" wire="53" />
        <ffbterm ffbtype="LCD" ffbid="0" term="seg" wire="53" />
        <ffbterm ffbtype="SCB" ffbid="0" term="i2c_sda" alternative="3" />
        <ffbterm ffbtype="SCB" ffbid="3" term="spi_select" wire="2" alternative="1" />
        <ffbterm ffbtype="SCB" ffbid="3" term="select_m" wire="0" alternative="1" resource="spi_select_2" />
        <ffbterm ffbtype="SCB" ffbid="3" term="select_m" wire="1" alternative="1" resource="spi_select_2" />
        <ffbterm ffbtype="SCB" ffbid="3" term="select_m" wire="2" alternative="1" resource="spi_select_2" />
        <ffbterm ffbtype="SCB" ffbid="3" term="select_m" wire="3" alternative="1" resource="spi_select_2" />
      </pad>
    </pin>
    <pin number="121" name="VSSD">
      <pad name="VSSIO_A" number="69" type="GND" ioSupplyPin="VDDIO_A" powerPadNames="VSSIO_A" capabilities="0x0000000000000000" />
      <pad name="VSSIO_2" number="79" type="GND" ioSupplyPin="VDDIO" powerPadNames="VSSIO_2" capabilities="0x0000000000000000" />
    </pin>
    <pin number="127" name="VSSD">
      <pad name="VSSIO_0" number="5" type="GND" ioSupplyPin="VDDIO_0" powerPadNames="VSSIO_0" capabilities="0x0000000000000000" />
    </pin>
    <pin number="128" name="P7[4]">
      <pad name="P7[4]" number="129" type="GPIO" portId="7" pinId="4" ioSupplyPin="VDDIO_0" capabilities="0x000000D000000013">
        <ffbterm ffbtype="TCPWM" ffbid="2" term="line" alternative="3" />
        <ffbterm ffbtype="LCD" ffbid="0" term="com" wire="60" />
        <ffbterm ffbtype="LCD" ffbid="0" term="seg" wire="60" />
        <ffbterm ffbtype="SCB" ffbid="3" term="spi_select" wire="1" alternative="2" />
        <ffbterm ffbtype="SCB" ffbid="3" term="select_m" wire="0" alternative="2" resource="spi_select_1" />
        <ffbterm ffbtype="SCB" ffbid="3" term="select_m" wire="1" alternative="2" resource="spi_select_1" />
        <ffbterm ffbtype="SCB" ffbid="3" term="select_m" wire="2" alternative="2" resource="spi_select_1" />
        <ffbterm ffbtype="SCB" ffbid="3" term="select_m" wire="3" alternative="2" resource="spi_select_1" />
      </pad>
    </pin>
    <pin number="129" name="P7[3]">
      <pad name="P7[3]" number="128" type="GPIO" portId="7" pinId="3" ioSupplyPin="VDDIO_0" capabilities="0x000000D000000013">
        <ffbterm ffbtype="TCPWM" ffbid="1" term="line_compl" alternative="3" />
        <ffbterm ffbtype="SCB" ffbid="3" term="uart_rts" alternative="2" />
        <ffbterm ffbtype="LCD" ffbid="0" term="com" wire="59" />
        <ffbterm ffbtype="LCD" ffbid="0" term="seg" wire="59" />
        <ffbterm ffbtype="SCB" ffbid="3" term="spi_select" wire="0" alternative="2" />
        <ffbterm ffbtype="SCB" ffbid="3" term="select_m" wire="0" alternative="2" resource="spi_select_0" />
        <ffbterm ffbtype="SCB" ffbid="3" term="select_m" wire="1" alternative="2" resource="spi_select_0" />
        <ffbterm ffbtype="SCB" ffbid="3" term="select_m" wire="2" alternative="2" resource="spi_select_0" />
        <ffbterm ffbtype="SCB" ffbid="3" term="select_m" wire="3" alternative="2" resource="spi_select_0" />
        <ffbterm ffbtype="SCB" ffbid="3" term="select_s" alternative="2" resource="spi_select_0" />
      </pad>
    </pin>
    <pin number="130" name="P7[2]">
      <pad name="P7[2]" number="127" type="GPIO" portId="7" pinId="2" ioSupplyPin="VDDIO_0" capabilities="0x000000D000000013">
        <ffbterm ffbtype="TCPWM" ffbid="1" term="line" alternative="3" />
        <ffbterm ffbtype="SCB" ffbid="3" term="uart_cts" alternative="2" />
        <ffbterm ffbtype="LCD" ffbid="0" term="com" wire="58" />
        <ffbterm ffbtype="LCD" ffbid="0" term="seg" wire="58" />
        <ffbterm ffbtype="SCB" ffbid="3" term="spi_clk" alternative="2" />
        <ffbterm ffbtype="SCB" ffbid="3" term="sclk_m" alternative="2" />
        <ffbterm ffbtype="SCB" ffbid="3" term="sclk_s" alternative="2" />
      </pad>
    </pin>
    <pin number="131" name="P12[0]">
      <pad name="P12[0]" number="85" type="SIO" portId="12" pinId="0" ioSupplyPin="VDDIO" capabilities="0x000000F000000023">
        <ffbterm ffbtype="TCPWM" ffbid="7" term="line" />
        <ffbterm ffbtype="LCD" ffbid="0" term="com" wire="54" />
        <ffbterm ffbtype="LCD" ffbid="0" term="seg" wire="54" />
        <ffbterm ffbtype="SCB" ffbid="1" term="i2c_scl" alternative="3" />
        <ffbterm ffbtype="SCB" ffbid="3" term="spi_select" wire="3" alternative="1" />
        <ffbterm ffbtype="SCB" ffbid="3" term="select_m" wire="0" alternative="1" resource="spi_select_3" />
        <ffbterm ffbtype="SCB" ffbid="3" term="select_m" wire="1" alternative="1" resource="spi_select_3" />
        <ffbterm ffbtype="SCB" ffbid="3" term="select_m" wire="2" alternative="1" resource="spi_select_3" />
        <ffbterm ffbtype="SCB" ffbid="3" term="select_m" wire="3" alternative="1" resource="spi_select_3" />
      </pad>
    </pin>
    <pin number="132" name="P12[1]">
      <pad name="P12[1]" number="86" type="SIO" portId="12" pinId="1" ioSupplyPin="VDDIO" capabilities="0x000000F000000023">
        <ffbterm ffbtype="TCPWM" ffbid="7" term="line_compl" />
        <ffbterm ffbtype="LCD" ffbid="0" term="com" wire="55" />
        <ffbterm ffbtype="LCD" ffbid="0" term="seg" wire="55" />
        <ffbterm ffbtype="SCB" ffbid="1" term="i2c_sda" alternative="3" />
      </pad>
    </pin>
    <pin number="133" name="VSSD">
      <pad name="VSSIO_3" number="88" type="GND" ioSupplyPin="VDDIO" powerPadNames="VSSIO_3" capabilities="0x0000000000000000" />
      <pad name="VSSD_1" number="89" type="GND" ioSupplyPin="VDDIO" powerPadNames="VSSD_1" capabilities="0x0000000000000000" />
      <pad name="VSSIO_4" number="90" type="GND" ioSupplyPin="VDDIO" powerPadNames="VSSIO_4" capabilities="0x0000000000000000" />
    </pin>
    <pin number="134" name="n/c" />
    <pin number="135" name="n/c" />
    <pin number="136" name="P11[2]">
      <pad name="P11[2]" number="103" type="GPIO" portId="11" pinId="2" ioSupplyPin="VDDIO" capabilities="0x000000D000000017">
        <ffbterm ffbtype="TCPWM" ffbid="5" term="line" alternative="3" />
        <ffbterm ffbtype="SCB" ffbid="2" term="uart_cts" alternative="2" />
        <ffbterm ffbtype="LCD" ffbid="0" term="com" wire="26" alternative="1" />
        <ffbterm ffbtype="LCD" ffbid="0" term="seg" wire="26" alternative="1" />
        <ffbterm ffbtype="SCB" ffbid="2" term="spi_clk" alternative="2" />
        <ffbterm ffbtype="SCB" ffbid="2" term="sclk_m" alternative="2" />
        <ffbterm ffbtype="SCB" ffbid="2" term="sclk_s" alternative="2" />
        <ffbterm ffbtype="SmartIO" ffbid="11" term="io" wire="2" />
        <ffbterm ffbtype="SmartIO" ffbid="11" term="data2_i" />
        <ffbterm ffbtype="SmartIO" ffbid="11" term="data2_o" />
        <ffbterm ffbtype="SmartIO" ffbid="11" term="gpio2_i" />
        <ffbterm ffbtype="SmartIO" ffbid="11" term="gpio2_o" />
      </pad>
    </pin>
    <pin number="137" name="P11[5]">
      <pad name="P11[5]" number="106" type="GPIO" portId="11" pinId="5" ioSupplyPin="VDDIO" capabilities="0x000000D000000017">
        <ffbterm ffbtype="TCPWM" ffbid="6" term="line_compl" alternative="3" />
        <ffbterm ffbtype="LCD" ffbid="0" term="com" wire="29" alternative="1" />
        <ffbterm ffbtype="LCD" ffbid="0" term="seg" wire="29" alternative="1" />
        <ffbterm ffbtype="SCB" ffbid="2" term="spi_select" wire="2" alternative="2" />
        <ffbterm ffbtype="SCB" ffbid="2" term="select_m" wire="0" alternative="2" resource="spi_select_2" />
        <ffbterm ffbtype="SCB" ffbid="2" term="select_m" wire="1" alternative="2" resource="spi_select_2" />
        <ffbterm ffbtype="SCB" ffbid="2" term="select_m" wire="2" alternative="2" resource="spi_select_2" />
        <ffbterm ffbtype="SCB" ffbid="2" term="select_m" wire="3" alternative="2" resource="spi_select_2" />
        <ffbterm ffbtype="SmartIO" ffbid="11" term="io" wire="5" />
        <ffbterm ffbtype="SmartIO" ffbid="11" term="data5_i" />
        <ffbterm ffbtype="SmartIO" ffbid="11" term="data5_o" />
        <ffbterm ffbtype="SmartIO" ffbid="11" term="gpio5_i" />
        <ffbterm ffbtype="SmartIO" ffbid="11" term="gpio5_o" />
      </pad>
    </pin>
    <pin number="138" name="P4[0]">
      <pad name="P4[0]" number="111" type="GPIO" portId="4" pinId="0" ioSupplyPin="VDDIO" capabilities="0x000000D000000017">
        <ffbterm ffbtype="SCB" ffbid="0" term="uart_rx" alternative="2" />
        <ffbterm ffbtype="CAN" ffbid="0" term="can_rx" alternative="1" />
        <ffbterm ffbtype="LCD" ffbid="0" term="com" wire="32" />
        <ffbterm ffbtype="LCD" ffbid="0" term="seg" wire="32" />
        <ffbterm ffbtype="SCB" ffbid="0" term="i2c_scl" alternative="2" />
        <ffbterm ffbtype="SCB" ffbid="0" term="spi_mosi" alternative="2" />
        <ffbterm ffbtype="SCB" ffbid="0" term="mosi_m" alternative="2" />
        <ffbterm ffbtype="SCB" ffbid="0" term="mosi_s" alternative="2" />
      </pad>
    </pin>
    <pin number="139" name="P7[0]">
      <pad name="P7[0]" number="125" type="GPIO" portId="7" pinId="0" ioSupplyPin="VDDIO_0" capabilities="0x000000D002000013">
        <ffbterm ffbtype="TCPWM" ffbid="0" term="line" alternative="3" />
        <ffbterm ffbtype="SCB" ffbid="3" term="uart_rx" alternative="2" />
        <ffbterm ffbtype="LCD" ffbid="0" term="com" wire="56" />
        <ffbterm ffbtype="LCD" ffbid="0" term="seg" wire="56" />
        <ffbterm ffbtype="SCB" ffbid="3" term="i2c_scl" alternative="2" />
        <ffbterm ffbtype="SCB" ffbid="3" term="spi_mosi" alternative="2" />
        <ffbterm ffbtype="SCB" ffbid="3" term="mosi_m" alternative="2" />
        <ffbterm ffbtype="SCB" ffbid="3" term="mosi_s" alternative="2" />
        <ffbterm ffbtype="SRSS" ffbid="0" term="eco_in" />
      </pad>
    </pin>
    <pin number="140" name="P7[1]">
      <pad name="P7[1]" number="126" type="GPIO" portId="7" pinId="1" ioSupplyPin="VDDIO_0" capabilities="0x000000D001000013">
        <ffbterm ffbtype="TCPWM" ffbid="0" term="line_compl" alternative="3" />
        <ffbterm ffbtype="SCB" ffbid="3" term="uart_tx" alternative="2" />
        <ffbterm ffbtype="LCD" ffbid="0" term="com" wire="57" />
        <ffbterm ffbtype="LCD" ffbid="0" term="seg" wire="57" />
        <ffbterm ffbtype="SCB" ffbid="3" term="i2c_sda" alternative="2" />
        <ffbterm ffbtype="SCB" ffbid="3" term="spi_miso" alternative="2" />
        <ffbterm ffbtype="SCB" ffbid="3" term="miso_m" alternative="2" />
        <ffbterm ffbtype="SCB" ffbid="3" term="miso_s" alternative="2" />
        <ffbterm ffbtype="SRSS" ffbid="0" term="eco_out" />
      </pad>
    </pin>
    <pin number="141" name="VSSD">
      <pad name="VSSD_2" number="119" type="GND" ioSupplyPin="VBUS" powerPadNames="VSSD_2" capabilities="0x0000000000000000" />
    </pin>
    <pin number="142" name="D+/P13[0]">
      <pad name="USBDP" number="120" type="USBIO" portId="13" pinId="0" ioSupplyPin="VBUS" capabilities="0x0000001000400001">
        <ffbterm ffbtype="USB" ffbid="0" term="dp" />
      </pad>
    </pin>
    <pin number="143" name="D-/P13[1]">
      <pad name="USBDM" number="123" type="USBIO" portId="13" pinId="1" ioSupplyPin="VBUS" capabilities="0x0000001000800001">
        <ffbterm ffbtype="USB" ffbid="0" term="dm" />
      </pad>
    </pin>
    <pin number="144" name="VDDIO">
      <pad name="VDDIO_1" number="99" type="PWR" ioSupplyPin="VDDIO" powerPadNames="VDDIO_1" capabilities="0x0000000000000000" />
    </pin>
    <pin number="145" name="P3[1]">
      <pad name="P3[1]" number="92" type="GPIO" portId="3" pinId="1" ioSupplyPin="VDDIO" capabilities="0x000000D000000017">
        <ffbterm ffbtype="TCPWM" ffbid="0" term="line_compl" />
        <ffbterm ffbtype="SCB" ffbid="1" term="uart_tx" alternative="2" />
        <ffbterm ffbtype="LCD" ffbid="0" term="com" wire="25" />
        <ffbterm ffbtype="LCD" ffbid="0" term="seg" wire="25" />
        <ffbterm ffbtype="SCB" ffbid="1" term="i2c_sda" alternative="2" />
        <ffbterm ffbtype="SCB" ffbid="1" term="spi_miso" alternative="2" />
        <ffbterm ffbtype="SCB" ffbid="1" term="miso_m" alternative="2" />
        <ffbterm ffbtype="SCB" ffbid="1" term="miso_s" alternative="2" />
      </pad>
    </pin>
    <pin number="146" name="P3[3]">
      <pad name="P3[3]" number="94" type="GPIO" portId="3" pinId="3" ioSupplyPin="VDDIO" capabilities="0x000000D000001017">
        <ffbterm ffbtype="TCPWM" ffbid="1" term="line_compl" />
        <ffbterm ffbtype="SCB" ffbid="1" term="uart_rts" alternative="2" />
        <ffbterm ffbtype="LCD" ffbid="0" term="com" wire="27" />
        <ffbterm ffbtype="LCD" ffbid="0" term="seg" wire="27" />
        <ffbterm ffbtype="CPUSS" ffbid="0" term="swd_clk" />
        <ffbterm ffbtype="SCB" ffbid="1" term="spi_select" wire="0" alternative="2" />
        <ffbterm ffbtype="SCB" ffbid="1" term="select_m" wire="0" alternative="2" resource="spi_select_0" />
        <ffbterm ffbtype="SCB" ffbid="1" term="select_m" wire="1" alternative="2" resource="spi_select_0" />
        <ffbterm ffbtype="SCB" ffbid="1" term="select_m" wire="2" alternative="2" resource="spi_select_0" />
        <ffbterm ffbtype="SCB" ffbid="1" term="select_m" wire="3" alternative="2" resource="spi_select_0" />
        <ffbterm ffbtype="SCB" ffbid="1" term="select_s" alternative="2" resource="spi_select_0" />
      </pad>
    </pin>
    <pin number="147" name="P3[5]">
      <pad name="P3[5]" number="96" type="GPIO" portId="3" pinId="5" ioSupplyPin="VDDIO" capabilities="0x000000D000000017">
        <ffbterm ffbtype="TCPWM" ffbid="2" term="line_compl" />
        <ffbterm ffbtype="LCD" ffbid="0" term="com" wire="29" />
        <ffbterm ffbtype="LCD" ffbid="0" term="seg" wire="29" />
        <ffbterm ffbtype="SCB" ffbid="1" term="spi_select" wire="2" alternative="1" />
        <ffbterm ffbtype="SCB" ffbid="1" term="select_m" wire="0" alternative="1" resource="spi_select_2" />
        <ffbterm ffbtype="SCB" ffbid="1" term="select_m" wire="1" alternative="1" resource="spi_select_2" />
        <ffbterm ffbtype="SCB" ffbid="1" term="select_m" wire="2" alternative="1" resource="spi_select_2" />
        <ffbterm ffbtype="SCB" ffbid="1" term="select_m" wire="3" alternative="1" resource="spi_select_2" />
      </pad>
    </pin>
    <pin number="148" name="P3[7]">
      <pad name="P3[7]" number="98" type="GPIO" portId="3" pinId="7" ioSupplyPin="VDDIO" capabilities="0x000000D000000017">
        <ffbterm ffbtype="TCPWM" ffbid="3" term="line_compl" />
        <ffbterm ffbtype="LCD" ffbid="0" term="com" wire="31" />
        <ffbterm ffbtype="LCD" ffbid="0" term="seg" wire="31" />
      </pad>
    </pin>
    <pin number="149" name="P11[1]">
      <pad name="P11[1]" number="102" type="GPIO" portId="11" pinId="1" ioSupplyPin="VDDIO" capabilities="0x000000D000000017">
        <ffbterm ffbtype="TCPWM" ffbid="4" term="line_compl" alternative="3" />
        <ffbterm ffbtype="SCB" ffbid="2" term="uart_tx" alternative="2" />
        <ffbterm ffbtype="LCD" ffbid="0" term="com" wire="25" alternative="1" />
        <ffbterm ffbtype="LCD" ffbid="0" term="seg" wire="25" alternative="1" />
        <ffbterm ffbtype="SCB" ffbid="2" term="i2c_sda" alternative="2" />
        <ffbterm ffbtype="SCB" ffbid="2" term="spi_miso" alternative="2" />
        <ffbterm ffbtype="SCB" ffbid="2" term="miso_m" alternative="2" />
        <ffbterm ffbtype="SCB" ffbid="2" term="miso_s" alternative="2" />
        <ffbterm ffbtype="SmartIO" ffbid="11" term="io" wire="1" />
        <ffbterm ffbtype="SmartIO" ffbid="11" term="data1_i" />
        <ffbterm ffbtype="SmartIO" ffbid="11" term="data1_o" />
        <ffbterm ffbtype="SmartIO" ffbid="11" term="gpio1_i" />
        <ffbterm ffbtype="SmartIO" ffbid="11" term="gpio1_o" />
      </pad>
    </pin>
    <pin number="150" name="P11[4]">
      <pad name="P11[4]" number="105" type="GPIO" portId="11" pinId="4" ioSupplyPin="VDDIO" capabilities="0x000000D000000017">
        <ffbterm ffbtype="TCPWM" ffbid="6" term="line" alternative="3" />
        <ffbterm ffbtype="LCD" ffbid="0" term="com" wire="28" alternative="1" />
        <ffbterm ffbtype="LCD" ffbid="0" term="seg" wire="28" alternative="1" />
        <ffbterm ffbtype="SCB" ffbid="2" term="spi_select" wire="1" alternative="2" />
        <ffbterm ffbtype="SCB" ffbid="2" term="select_m" wire="0" alternative="2" resource="spi_select_1" />
        <ffbterm ffbtype="SCB" ffbid="2" term="select_m" wire="1" alternative="2" resource="spi_select_1" />
        <ffbterm ffbtype="SCB" ffbid="2" term="select_m" wire="2" alternative="2" resource="spi_select_1" />
        <ffbterm ffbtype="SCB" ffbid="2" term="select_m" wire="3" alternative="2" resource="spi_select_1" />
        <ffbterm ffbtype="SmartIO" ffbid="11" term="io" wire="4" />
        <ffbterm ffbtype="SmartIO" ffbid="11" term="data4_i" />
        <ffbterm ffbtype="SmartIO" ffbid="11" term="data4_o" />
        <ffbterm ffbtype="SmartIO" ffbid="11" term="gpio4_i" />
        <ffbterm ffbtype="SmartIO" ffbid="11" term="gpio4_o" />
      </pad>
    </pin>
    <pin number="151" name="P11[7]">
      <pad name="P11[7]" number="108" type="GPIO" portId="11" pinId="7" ioSupplyPin="VDDIO" capabilities="0x000000D000000017">
        <ffbterm ffbtype="TCPWM" ffbid="7" term="line_compl" alternative="3" />
        <ffbterm ffbtype="LCD" ffbid="0" term="com" wire="31" alternative="1" />
        <ffbterm ffbtype="LCD" ffbid="0" term="seg" wire="31" alternative="1" />
        <ffbterm ffbtype="SmartIO" ffbid="11" term="io" wire="7" />
        <ffbterm ffbtype="SmartIO" ffbid="11" term="data7_i" />
        <ffbterm ffbtype="SmartIO" ffbid="11" term="data7_o" />
        <ffbterm ffbtype="SmartIO" ffbid="11" term="gpio7_i" />
        <ffbterm ffbtype="SmartIO" ffbid="11" term="gpio7_o" />
      </pad>
    </pin>
    <pin number="152" name="P4[2]">
      <pad name="P4[2]" number="113" type="GPIO" portId="4" pinId="2" ioSupplyPin="VDDIO" capabilities="0x000002D000000017">
        <ffbterm ffbtype="SCB" ffbid="0" term="uart_cts" alternative="2" />
        <ffbterm ffbtype="CAN" ffbid="0" term="can_tx_en" alternative="1" />
        <ffbterm ffbtype="LCD" ffbid="0" term="com" wire="34" />
        <ffbterm ffbtype="LCD" ffbid="0" term="seg" wire="34" />
        <ffbterm ffbtype="LPCOMP" ffbid="0" term="cmpout" alternative="2" />
        <ffbterm ffbtype="SCB" ffbid="0" term="spi_clk" alternative="2" />
        <ffbterm ffbtype="SCB" ffbid="0" term="sclk_m" alternative="2" />
        <ffbterm ffbtype="SCB" ffbid="0" term="sclk_s" alternative="2" />
        <ffbterm ffbtype="CSD" ffbid="0" term="cmod" />
      </pad>
    </pin>
    <pin number="153" name="P4[4]">
      <pad name="P4[4]" number="115" type="GPIO" portId="4" pinId="4" ioSupplyPin="VDDIO" capabilities="0x000000D000000017">
        <ffbterm ffbtype="CAN" ffbid="1" term="can_tx_en" alternative="1" />
        <ffbterm ffbtype="LCD" ffbid="0" term="com" wire="36" />
        <ffbterm ffbtype="LCD" ffbid="0" term="seg" wire="36" />
        <ffbterm ffbtype="SCB" ffbid="0" term="spi_select" wire="1" alternative="2" />
        <ffbterm ffbtype="SCB" ffbid="0" term="select_m" wire="0" alternative="2" resource="spi_select_1" />
        <ffbterm ffbtype="SCB" ffbid="0" term="select_m" wire="1" alternative="2" resource="spi_select_1" />
        <ffbterm ffbtype="SCB" ffbid="0" term="select_m" wire="2" alternative="2" resource="spi_select_1" />
        <ffbterm ffbtype="SCB" ffbid="0" term="select_m" wire="3" alternative="2" resource="spi_select_1" />
      </pad>
    </pin>
    <pin number="154" name="P4[6]">
      <pad name="P4[6]" number="117" type="GPIO" portId="4" pinId="6" ioSupplyPin="VDDIO" capabilities="0x000000D000000017">
        <ffbterm ffbtype="CAN" ffbid="1" term="can_tx" alternative="1" />
        <ffbterm ffbtype="LCD" ffbid="0" term="com" wire="38" />
        <ffbterm ffbtype="LCD" ffbid="0" term="seg" wire="38" />
        <ffbterm ffbtype="SCB" ffbid="0" term="spi_select" wire="3" alternative="2" />
        <ffbterm ffbtype="SCB" ffbid="0" term="select_m" wire="0" alternative="2" resource="spi_select_3" />
        <ffbterm ffbtype="SCB" ffbid="0" term="select_m" wire="1" alternative="2" resource="spi_select_3" />
        <ffbterm ffbtype="SCB" ffbid="0" term="select_m" wire="2" alternative="2" resource="spi_select_3" />
        <ffbterm ffbtype="SCB" ffbid="0" term="select_m" wire="3" alternative="2" resource="spi_select_3" />
      </pad>
    </pin>
    <pin number="155" name="P4[7]">
      <pad name="P4[7]" number="118" type="GPIO" portId="4" pinId="7" ioSupplyPin="VDDIO" capabilities="0x000000D000000017">
        <ffbterm ffbtype="LCD" ffbid="0" term="com" wire="39" />
        <ffbterm ffbtype="LCD" ffbid="0" term="seg" wire="39" />
      </pad>
    </pin>
    <pin number="156" name="VBUS/P13[2]">
      <pad name="VBUS" number="124" type="PWR" portId="13" pinId="2" ioSupplyPin="VBUS" powerPadNames="VBUS" capabilities="0x0000000000000000">
        <ffbterm ffbtype="USB" ffbid="0" term="vbus_det" />
      </pad>
    </pin>
    <pin number="157" name="VDDIO">
      <pad name="VDDIO_2" number="100" type="PWR" ioSupplyPin="VDDIO" powerPadNames="VDDIO_2" capabilities="0x0000000000000000" />
    </pin>
    <pin number="158" name="P3[0]">
      <pad name="P3[0]" number="91" type="GPIO" portId="3" pinId="0" ioSupplyPin="VDDIO" capabilities="0x000000D000000017">
        <ffbterm ffbtype="TCPWM" ffbid="0" term="line" />
        <ffbterm ffbtype="SCB" ffbid="1" term="uart_rx" alternative="2" />
        <ffbterm ffbtype="LCD" ffbid="0" term="com" wire="24" />
        <ffbterm ffbtype="LCD" ffbid="0" term="seg" wire="24" />
        <ffbterm ffbtype="SCB" ffbid="1" term="i2c_scl" alternative="2" />
        <ffbterm ffbtype="SCB" ffbid="1" term="spi_mosi" alternative="2" />
        <ffbterm ffbtype="SCB" ffbid="1" term="mosi_m" alternative="2" />
        <ffbterm ffbtype="SCB" ffbid="1" term="mosi_s" alternative="2" />
      </pad>
    </pin>
    <pin number="159" name="P3[2]">
      <pad name="P3[2]" number="93" type="GPIO" portId="3" pinId="2" ioSupplyPin="VDDIO" capabilities="0x000000D000001017">
        <ffbterm ffbtype="TCPWM" ffbid="1" term="line" />
        <ffbterm ffbtype="SCB" ffbid="1" term="uart_cts" alternative="2" />
        <ffbterm ffbtype="LCD" ffbid="0" term="com" wire="26" />
        <ffbterm ffbtype="LCD" ffbid="0" term="seg" wire="26" />
        <ffbterm ffbtype="CPUSS" ffbid="0" term="swd_data" />
        <ffbterm ffbtype="SCB" ffbid="1" term="spi_clk" alternative="2" />
        <ffbterm ffbtype="SCB" ffbid="1" term="sclk_m" alternative="2" />
        <ffbterm ffbtype="SCB" ffbid="1" term="sclk_s" alternative="2" />
      </pad>
    </pin>
    <pin number="160" name="P3[4]">
      <pad name="P3[4]" number="95" type="GPIO" portId="3" pinId="4" ioSupplyPin="VDDIO" capabilities="0x000000D000000017">
        <ffbterm ffbtype="TCPWM" ffbid="2" term="line" />
        <ffbterm ffbtype="LCD" ffbid="0" term="com" wire="28" />
        <ffbterm ffbtype="LCD" ffbid="0" term="seg" wire="28" />
        <ffbterm ffbtype="SCB" ffbid="1" term="spi_select" wire="1" alternative="1" />
        <ffbterm ffbtype="SCB" ffbid="1" term="select_m" wire="0" alternative="1" resource="spi_select_1" />
        <ffbterm ffbtype="SCB" ffbid="1" term="select_m" wire="1" alternative="1" resource="spi_select_1" />
        <ffbterm ffbtype="SCB" ffbid="1" term="select_m" wire="2" alternative="1" resource="spi_select_1" />
        <ffbterm ffbtype="SCB" ffbid="1" term="select_m" wire="3" alternative="1" resource="spi_select_1" />
      </pad>
    </pin>
    <pin number="161" name="P3[6]">
      <pad name="P3[6]" number="97" type="GPIO" portId="3" pinId="6" ioSupplyPin="VDDIO" capabilities="0x000000D000000017">
        <ffbterm ffbtype="TCPWM" ffbid="3" term="line" />
        <ffbterm ffbtype="LCD" ffbid="0" term="com" wire="30" />
        <ffbterm ffbtype="LCD" ffbid="0" term="seg" wire="30" />
        <ffbterm ffbtype="SCB" ffbid="1" term="spi_select" wire="3" alternative="1" />
        <ffbterm ffbtype="SCB" ffbid="1" term="select_m" wire="0" alternative="1" resource="spi_select_3" />
        <ffbterm ffbtype="SCB" ffbid="1" term="select_m" wire="1" alternative="1" resource="spi_select_3" />
        <ffbterm ffbtype="SCB" ffbid="1" term="select_m" wire="2" alternative="1" resource="spi_select_3" />
        <ffbterm ffbtype="SCB" ffbid="1" term="select_m" wire="3" alternative="1" resource="spi_select_3" />
      </pad>
    </pin>
    <pin number="162" name="P11[0]">
      <pad name="P11[0]" number="101" type="GPIO" portId="11" pinId="0" ioSupplyPin="VDDIO" capabilities="0x000000D000000017">
        <ffbterm ffbtype="TCPWM" ffbid="4" term="line" alternative="3" />
        <ffbterm ffbtype="SCB" ffbid="2" term="uart_rx" alternative="2" />
        <ffbterm ffbtype="LCD" ffbid="0" term="com" wire="24" alternative="1" />
        <ffbterm ffbtype="LCD" ffbid="0" term="seg" wire="24" alternative="1" />
        <ffbterm ffbtype="SCB" ffbid="2" term="i2c_scl" alternative="2" />
        <ffbterm ffbtype="SCB" ffbid="2" term="spi_mosi" alternative="2" />
        <ffbterm ffbtype="SCB" ffbid="2" term="mosi_m" alternative="2" />
        <ffbterm ffbtype="SCB" ffbid="2" term="mosi_s" alternative="2" />
        <ffbterm ffbtype="SmartIO" ffbid="11" term="io" wire="0" />
        <ffbterm ffbtype="SmartIO" ffbid="11" term="data0_i" />
        <ffbterm ffbtype="SmartIO" ffbid="11" term="data0_o" />
        <ffbterm ffbtype="SmartIO" ffbid="11" term="gpio0_i" />
        <ffbterm ffbtype="SmartIO" ffbid="11" term="gpio0_o" />
      </pad>
    </pin>
    <pin number="163" name="P11[3]">
      <pad name="P11[3]" number="104" type="GPIO" portId="11" pinId="3" ioSupplyPin="VDDIO" capabilities="0x000000D000000017">
        <ffbterm ffbtype="TCPWM" ffbid="5" term="line_compl" alternative="3" />
        <ffbterm ffbtype="SCB" ffbid="2" term="uart_rts" alternative="2" />
        <ffbterm ffbtype="LCD" ffbid="0" term="com" wire="27" alternative="1" />
        <ffbterm ffbtype="LCD" ffbid="0" term="seg" wire="27" alternative="1" />
        <ffbterm ffbtype="SCB" ffbid="2" term="spi_select" wire="0" alternative="2" />
        <ffbterm ffbtype="SCB" ffbid="2" term="select_m" wire="0" alternative="2" resource="spi_select_0" />
        <ffbterm ffbtype="SCB" ffbid="2" term="select_m" wire="1" alternative="2" resource="spi_select_0" />
        <ffbterm ffbtype="SCB" ffbid="2" term="select_m" wire="2" alternative="2" resource="spi_select_0" />
        <ffbterm ffbtype="SCB" ffbid="2" term="select_m" wire="3" alternative="2" resource="spi_select_0" />
        <ffbterm ffbtype="SCB" ffbid="2" term="select_s" alternative="2" resource="spi_select_0" />
        <ffbterm ffbtype="SmartIO" ffbid="11" term="io" wire="3" />
        <ffbterm ffbtype="SmartIO" ffbid="11" term="data3_i" />
        <ffbterm ffbtype="SmartIO" ffbid="11" term="data3_o" />
        <ffbterm ffbtype="SmartIO" ffbid="11" term="gpio3_i" />
        <ffbterm ffbtype="SmartIO" ffbid="11" term="gpio3_o" />
      </pad>
    </pin>
    <pin number="164" name="P11[6]">
      <pad name="P11[6]" number="107" type="GPIO" portId="11" pinId="6" ioSupplyPin="VDDIO" capabilities="0x000000D000000017">
        <ffbterm ffbtype="TCPWM" ffbid="7" term="line" alternative="3" />
        <ffbterm ffbtype="LCD" ffbid="0" term="com" wire="30" alternative="1" />
        <ffbterm ffbtype="LCD" ffbid="0" term="seg" wire="30" alternative="1" />
        <ffbterm ffbtype="SCB" ffbid="2" term="spi_select" wire="3" alternative="2" />
        <ffbterm ffbtype="SCB" ffbid="2" term="select_m" wire="0" alternative="2" resource="spi_select_3" />
        <ffbterm ffbtype="SCB" ffbid="2" term="select_m" wire="1" alternative="2" resource="spi_select_3" />
        <ffbterm ffbtype="SCB" ffbid="2" term="select_m" wire="2" alternative="2" resource="spi_select_3" />
        <ffbterm ffbtype="SCB" ffbid="2" term="select_m" wire="3" alternative="2" resource="spi_select_3" />
        <ffbterm ffbtype="SmartIO" ffbid="11" term="io" wire="6" />
        <ffbterm ffbtype="SmartIO" ffbid="11" term="data6_i" />
        <ffbterm ffbtype="SmartIO" ffbid="11" term="data6_o" />
        <ffbterm ffbtype="SmartIO" ffbid="11" term="gpio6_i" />
        <ffbterm ffbtype="SmartIO" ffbid="11" term="gpio6_o" />
      </pad>
    </pin>
    <pin number="165" name="P4[1]">
      <pad name="P4[1]" number="112" type="GPIO" portId="4" pinId="1" ioSupplyPin="VDDIO" capabilities="0x000000D000000017">
        <ffbterm ffbtype="SCB" ffbid="0" term="uart_tx" alternative="2" />
        <ffbterm ffbtype="CAN" ffbid="0" term="can_tx" alternative="1" />
        <ffbterm ffbtype="LCD" ffbid="0" term="com" wire="33" />
        <ffbterm ffbtype="LCD" ffbid="0" term="seg" wire="33" />
        <ffbterm ffbtype="SCB" ffbid="0" term="i2c_sda" alternative="2" />
        <ffbterm ffbtype="SCB" ffbid="0" term="spi_miso" alternative="2" />
        <ffbterm ffbtype="SCB" ffbid="0" term="miso_m" alternative="2" />
        <ffbterm ffbtype="SCB" ffbid="0" term="miso_s" alternative="2" />
      </pad>
    </pin>
    <pin number="166" name="P4[3]">
      <pad name="P4[3]" number="114" type="GPIO" portId="4" pinId="3" ioSupplyPin="VDDIO" capabilities="0x000001D000000017">
        <ffbterm ffbtype="SCB" ffbid="0" term="uart_rts" alternative="2" />
        <ffbterm ffbtype="LCD" ffbid="0" term="com" wire="35" />
        <ffbterm ffbtype="LCD" ffbid="0" term="seg" wire="35" />
        <ffbterm ffbtype="LPCOMP" ffbid="1" term="cmpout" alternative="2" />
        <ffbterm ffbtype="SCB" ffbid="0" term="spi_select" wire="0" alternative="2" />
        <ffbterm ffbtype="SCB" ffbid="0" term="select_m" wire="0" alternative="2" resource="spi_select_0" />
        <ffbterm ffbtype="SCB" ffbid="0" term="select_m" wire="1" alternative="2" resource="spi_select_0" />
        <ffbterm ffbtype="SCB" ffbid="0" term="select_m" wire="2" alternative="2" resource="spi_select_0" />
        <ffbterm ffbtype="SCB" ffbid="0" term="select_m" wire="3" alternative="2" resource="spi_select_0" />
        <ffbterm ffbtype="SCB" ffbid="0" term="select_s" alternative="2" resource="spi_select_0" />
        <ffbterm ffbtype="CSD" ffbid="0" term="csh" />
      </pad>
    </pin>
    <pin number="167" name="P4[5]">
      <pad name="P4[5]" number="116" type="GPIO" portId="4" pinId="5" ioSupplyPin="VDDIO" capabilities="0x000000D000000017">
        <ffbterm ffbtype="CAN" ffbid="1" term="can_rx" alternative="1" />
        <ffbterm ffbtype="LCD" ffbid="0" term="com" wire="37" />
        <ffbterm ffbtype="LCD" ffbid="0" term="seg" wire="37" />
        <ffbterm ffbtype="SCB" ffbid="0" term="spi_select" wire="2" alternative="2" />
        <ffbterm ffbtype="SCB" ffbid="0" term="select_m" wire="0" alternative="2" resource="spi_select_2" />
        <ffbterm ffbtype="SCB" ffbid="0" term="select_m" wire="1" alternative="2" resource="spi_select_2" />
        <ffbterm ffbtype="SCB" ffbid="0" term="select_m" wire="2" alternative="2" resource="spi_select_2" />
        <ffbterm ffbtype="SCB" ffbid="0" term="select_m" wire="3" alternative="2" resource="spi_select_2" />
      </pad>
    </pin>
    <pin number="168" name="VDDIO">
      <pad name="VDDIO_3" number="109" type="PWR" ioSupplyPin="VDDIO" powerPadNames="VDDIO_3" capabilities="0x0000000000000000" />
    </pin>
    <pin number="169" name="VDDIO">
      <pad name="VDDIO_4" number="110" type="PWR" ioSupplyPin="VDDIO" powerPadNames="VDDIO_4" capabilities="0x0000000000000000" />
    </pin>
  </pins>
</pindata>